id,predicted_price
2591820310,397042.4
7974200820,812283.51
7701450110,1299674.63
9522300010,2009724.69
9510861140,887523.84
1761300310,261270.96
7732410120,891515.14
7010701383,572899.15
291310170,465083.52
4232901990,522050.05
6840701125,633659.84
3971700580,428039.18
4202400078,248764.95
6064800090,370670.49
2626119028,193789.3
3303980660,1152505.75
862000020,698118.3
2386000070,1252576.85
1138000450,429297.09
1775800420,447578.76
2291401425,440216.29
2025770560,872252.93
3525069037,854115.27
9324800450,618881.94
8080400136,556143.6
8651540040,537666.13
9407001790,287149.41
1773101530,214249.75
9432900250,342204.9
1794500695,577289.5
2220069003,369270.1
923000120,492785.35
5728000060,615218.16
16000200,258793.59
1926059094,438759.4
6672900220,1067232.08
3629860060,968185.72
1822069109,466003.89
6675500105,416440.7
249000180,1837068.53
226059065,504106.9
396100110,285763.26
9264450460,329143.85
7853361210,349777.26
9474700020,310102.66
421000455,237856.48
3755200220,437601.03
7960100075,479137.65
9477100490,407324.9
9138100350,750343.63
1624049275,444473.61
2770606890,558835.94
1157200189,468881.0
2770601800,532826.57
9301300805,515673.8
2325069032,1204641.89
1021079099,341085.06
7215730040,962374.22
1853200080,446027.31
3224600340,844474.52
3222049120,418709.02
2113700025,274759.98
7893207925,234598.24
3586501085,661926.42
8024200010,441711.3
7116500705,180227.23
1598600209,329554.99
7204200025,860547.42
4206901505,544032.51
2937300440,937442.45
7205000180,318384.93
8718500665,410674.66
5318101765,893093.69
4122700020,963642.52
8078700020,467942.9
3303980680,988938.11
8924100372,972427.55
2781270210,221788.39
519000043,579831.45
3225069301,1675631.52
151000075,792225.41
2297400020,486235.76
6617500085,613595.1
104510180,254540.67
3528900060,902688.4
3345100286,565454.61
1226039130,488526.78
8712100720,744455.41
3037200010,398241.88
3626039268,468287.55
104510230,253959.47
5112800060,445013.96
6072400280,679501.54
5317100570,1141240.28
9528102993,544003.98
2919201095,484882.68
6181400920,266401.22
185000161,279442.65
8691400010,943100.69
3345700165,574966.47
6151800486,258938.26
4340000080,1361635.66
4136960010,630821.75
3634100030,339313.62
1624059224,988598.65
2788400090,277103.85
9828200762,470976.6
7524400250,198498.91
3528000290,897930.04
5700003630,1969537.83
2720069019,346774.05
7227501170,252017.5
2397101270,618920.9
6792100090,864881.66
2770602265,544436.31
3971700937,346920.92
422049203,236344.66
3076500830,294252.65
1423400260,266640.15
9161100795,436153.21
3126049052,505453.37
5100401468,368567.85
514500235,484191.4
1423200170,196411.83
1402100070,450156.19
624110020,719678.19
2407000145,243449.04
1890000225,830298.2
1320069271,345856.55
5490700085,400822.93
263000155,456645.94
3726800201,423515.78
5153200358,314705.64
2725079018,901870.95
7165700200,263140.15
9429000170,672998.18
8718500075,384083.47
1760650950,322938.64
1068000559,1297248.78
4113800500,660173.83
4077800507,511524.67
2725069150,776109.25
4008400035,779554.16
7016310270,417656.56
1432701230,209045.27
3278606050,353758.95
2473350710,429717.35
2185000685,178370.93
7792000025,388479.39
6868200029,466003.0
624069003,744992.34
7431500280,946399.2
3296000040,658847.35
1118001215,1564389.99
6453900040,760452.2
333100209,921773.15
34001765,630565.52
8946700100,451554.88
5561401210,636049.53
6671900095,361234.05
3275850020,803468.85
3876300600,394545.14
1450900020,282071.42
8562780280,328826.02
7663700973,332041.24
2126049032,350539.31
1823059159,194194.65
3438503426,290197.79
9297301495,607037.85
7140700850,402008.15
7942601805,755337.06
2555900030,388399.38
2887970040,279003.01
7419700010,680881.93
2239000011,404779.57
9283800050,344934.25
9407001340,284781.95
217500140,585041.59
7212660520,252585.11
3298201170,416038.19
3057000400,278969.22
6865200444,499786.23
6071600340,583854.38
6821600005,696611.28
1235100371,735693.82
7796450340,388947.22
3603000410,159912.99
9297300255,498749.2
9126100850,544718.32
2770601462,547714.09
2599001500,240890.12
1102000095,806159.82
1853080640,971100.45
9551201585,1094647.51
3438500796,339186.79
7518504291,502055.86
9269200340,457044.15
715010130,1279012.62
1982201485,570764.14
9526500080,449520.41
9277200180,466461.87
6669150280,302259.73
8917100153,719873.82
3760500516,956859.46
2725069050,1027935.87
3332000091,330518.12
8562770080,628706.47
8151601190,270567.81
8563040160,695350.17
240000269,683028.13
4307350200,300567.79
1311910300,268386.96
3574900030,586948.38
7853230570,456702.55
320069049,349407.19
9839301060,704643.27
7011201333,532218.67
2781320100,290321.53
3421069120,454953.71
7852030320,472567.95
5316101075,2518911.76
5309100750,559887.37
629000730,672746.64
511700170,280702.29
1562100030,608202.01
2489200230,675188.43
524069116,499220.79
5315100737,1203503.93
1868900675,853813.12
1608000120,356434.94
705700240,357085.12
7575600610,287802.45
1778500015,725988.45
5423500240,210047.27
6713700025,370604.39
2734100734,309665.28
301402280,211790.21
2113700205,289134.51
4114601570,3065034.66
3332000615,180705.26
3630050180,363167.37
6852700520,539438.58
6870310010,738102.89
6163900981,329728.84
393000142,442620.02
1771100130,324949.82
1442860160,434143.83
9191200435,529173.4
6788200800,1011371.08
1115300070,631539.26
3176600105,716752.8
2770604665,581375.74
5469500580,399399.27
5680000545,432014.31
3424089119,617913.57
1328300180,361982.04
1773100922,364766.49
4123830480,333941.55
9808610190,1110204.16
4250200140,297766.65
4217402115,3953594.42
3831250350,382830.24
2397101055,778744.23
6817850110,859592.68
7526800200,722705.12
7853370100,556403.55
2523089025,1088406.95
9476200680,257219.83
5714200140,398236.18
3575304895,534945.67
263000018,462727.67
8080400177,462404.75
6450304130,336775.49
514500090,581768.97
9477000300,437908.71
853600310,1760243.58
1951600240,198364.66
1099900120,357636.21
5323100120,592229.81
1223089016,518729.43
522059172,243866.15
1930300190,629749.41
9542840410,311665.12
8665050530,528988.22
5592900205,336066.12
5450300010,672965.45
2459960030,364725.44
3331500455,555959.06
3432500705,475034.16
3702900165,337231.55
5249803550,602924.17
626049058,481844.43
1788900380,194273.56
8075400360,209659.81
9113200250,754697.67
2738640040,626502.68
7821200307,485587.93
3530440140,249701.92
3582700130,509262.26
9276200569,762193.28
7197800020,605348.61
686200490,602290.29
3501600100,366158.53
6383000690,590590.23
7604400150,347749.36
5249801411,712676.8
2607720420,523884.42
9561100010,427173.43
1796370590,277209.31
4077800593,367057.07
854000165,261222.13
5536100010,647342.54
4188000670,974414.17
31000165,1478016.24
662350050,1153489.88
4137000280,301862.48
6169901130,1106268.28
1953400510,253355.67
7518506716,935881.01
1552520010,368452.23
7955080270,324675.99
9212900100,547061.55
3438500798,339398.74
7899800890,234652.39
4319200605,557598.74
1329300480,362234.48
8935100100,744148.77
5016001260,436512.74
4337600280,312590.28
1446401220,199204.87
7135521530,613784.72
6888900115,356250.4
2413301070,321892.29
345700040,266983.15
5566100145,501731.82
7634800070,364331.91
9346910500,619377.92
3529300060,308918.43
8128600060,1321946.9
8572900275,199328.39
4139420590,798398.66
9274200322,619676.29
1472700200,581958.2
8820903380,252091.22
8563010130,898170.7
8965450110,1007861.51
9274204230,541858.82
8165501700,393010.7
2193340260,573778.92
1860600290,892254.29
1222000055,236924.19
2492200280,470164.77
2488200455,427932.65
809001520,867481.25
1796361140,260831.8
6398000011,831535.97
6813600365,532618.78
7504100920,851378.7
8835770330,723475.39
524059322,917440.75
4307330280,378083.72
1245002952,1127841.15
2021069059,257585.84
5700000595,560275.15
3629970930,809013.32
3336002215,287516.05
5100401060,644544.57
3278600750,311145.41
1126069045,1258681.5
7568700175,350037.22
452001475,490868.84
9283800230,506995.35
1737300130,638873.37
6189600040,561515.08
3679400025,476631.05
1096100010,353261.34
9513900050,254678.59
5452800645,755349.31
273800100,242826.46
7228500037,438253.39
808300090,529021.01
2493200215,514669.08
5035300255,793557.01
3380900160,416234.24
3630000130,442342.78
7300400670,304027.87
6798100070,341175.83
8078400010,584647.82
5566100060,589788.73
2768200212,495827.82
4035900060,648905.71
9460000110,319395.52
7199320190,622931.6
2225039081,480342.75
9512200050,579116.35
2634500085,348351.15
3654800200,304348.13
2724079090,1305602.85
2597520720,884212.95
3034200426,361284.35
984000130,311115.44
7852020670,448942.9
7923500060,754998.58
2310030510,303358.83
2205500540,555564.72
2493200015,406790.74
7853361420,521329.64
5652600605,515903.52
5285200020,304102.97
9406530150,385241.23
5706300020,483038.37
3278602490,436194.39
7197000100,599235.99
4447300008,630534.25
7899800045,138599.09
9250900095,357357.32
9268851740,644608.51
8682261440,562420.81
7284900385,766599.25
8079040300,443865.33
2225300585,414963.55
3223039013,397260.94
2013801350,267631.42
4055701110,855558.24
3578401770,444764.91
4046500720,626364.68
6145601745,377372.62
5207200195,690717.73
1972201856,585516.03
7212680080,256447.54
7277100510,660862.33
522079022,638872.76
5605000440,787672.15
6632300230,391695.84
8815400165,582376.26
6708200320,568479.84
2426059076,632276.29
3260200200,591773.07
2770601741,502336.99
4338800500,242702.13
9201000320,842109.29
7655900038,381760.91
3625059140,559801.95
4222310010,109654.9
2114700115,340380.89
3291800710,341386.08
9406590010,424001.54
3025059124,1963712.46
7972601250,437218.51
930000470,989767.47
6690500060,503052.27
16000015,211623.64
5693501102,585270.95
8079040490,457932.88
7225000155,359611.32
8819900170,783409.49
7972601270,329661.87
1224069074,965597.38
5126900321,356488.99
3438501860,302393.22
2822069080,459963.75
1656600310,633224.89
3856900507,1382933.23
1626069139,475282.49
2524049257,1408044.23
3904960150,606118.07
7214820610,431604.57
7977201845,617859.36
2428100080,776366.87
2202500135,464766.06
1523550220,726986.82
2313900610,462952.34
4123840050,376946.03
2125059124,928380.98
1225039067,481788.83
6431500283,463911.84
2473380010,313502.33
5694501195,402533.34
2881700046,404257.22
6837820330,330425.47
2337300370,216525.06
3876540630,232968.45
626059317,395982.09
3374500520,365539.93
7228501903,375877.72
4019300051,492596.94
4232902615,569219.26
3546000090,270853.86
8127700215,764047.63
3438501100,389212.16
1769600066,737811.53
8146100610,631157.53
3052700695,549397.04
7954310210,664833.44
3761700053,1684087.07
1320069179,361295.37
1331900410,794267.2
7303100210,355856.51
2464400285,460436.43
6163901150,389180.61
8955800045,314679.53
2314300200,458410.9
9528104360,415723.28
4177100005,626719.01
8856960260,318171.85
1828001220,762675.35
3066400710,715053.46
624110610,966764.82
4040800260,477861.29
5019500215,478659.01
2481630180,1158407.68
7203170190,756978.35
510001280,856037.32
9430110120,729995.06
1565950030,318211.3
9828202255,792605.53
3878900270,462097.49
8091600080,212452.93
1112000035,302981.23
2228900270,142289.85
6648701740,288541.73
1245003740,639087.87
2174503441,525618.96
7708250010,316546.28
6072300110,617155.62
2329800140,270181.03
1494300040,588202.46
3832050130,289209.8
7203100730,934971.08
7199330170,506088.13
7785000220,666622.55
1250201175,380753.75
4054500180,1231613.09
7905200061,466059.45
3751604895,162335.87
5220300140,316448.18
3323059027,162822.47
8651611980,915047.41
8673400190,637099.18
1668500100,837291.68
1023059365,531482.7
3308030060,330631.62
4232400860,916092.58
2144800615,251411.6
1568100920,1127960.55
9406510040,526607.89
2923049421,345370.72
1051000040,1516355.63
2077700042,809988.35
9423800030,266567.43
9818700455,705580.67
7133300675,399314.34
4113800550,667361.69
5553300375,1620268.96
2025701530,279898.74
7942601155,483987.34
7524300020,291288.04
2520069100,330155.2
5412300410,225306.85
7504110760,765437.71
2594200350,415549.66
2722059013,190080.03
8078430480,560880.87
1423069162,594446.25
8856001090,168403.71
7000100631,744701.81
4222200280,232354.05
7971300050,681150.16
2009001600,220288.56
6619910140,768992.17
2877100985,525136.46
1196000007,376674.72
1330850130,799299.06
6664900410,283433.17
1231001110,341056.11
9235900030,316864.93
9407101840,335953.65
9523103001,407922.79
2149800278,324851.91
7234601198,613723.85
9476700035,395617.83
9297301065,627225.45
518500700,796847.55
7843500090,334698.78
6056110780,308425.64
2345700260,358564.09
3509600070,244115.13
1431700280,326770.28
1623049174,293303.71
3024089049,384453.97
7853340450,397365.14
7732410360,849712.61
1446800995,312863.76
2946000285,245897.22
425079100,532945.49
3876313040,421587.54
1762600260,1219904.72
1925069121,911766.01
7443000480,930482.57
7820000015,365115.92
4027701253,579541.77
2826049165,353627.4
5426300060,900959.71
1278000210,148038.49
923000270,370445.73
7657600005,260843.99
3024079057,436055.06
3276180020,318440.81
7304300760,330756.19
3908100020,464290.71
8835400805,682739.63
4051150070,209818.23
3904930530,501656.7
6163900971,361987.22
7942600310,471541.98
4365700330,281838.83
423059207,293285.81
3992700265,324627.07
7177300090,483285.34
2540820010,669682.38
5700002510,934846.25
5201000030,582576.8
7631800015,2079397.66
2922702965,694360.15
1525059198,897149.4
1245003160,697258.65
3810000455,337382.42
7855600080,750411.61
5701500030,1242978.56
7504020400,648981.83
1402600570,336592.15
7575610760,293990.66
8731990370,380177.19
5021900090,820999.09
290000075,413452.2
2841500010,475739.14
3955900830,428393.25
7852110140,563914.97
1311400350,258122.41
7773800015,546942.09
4123400320,567312.17
2725069157,1163167.83
666000143,773885.31
5101408678,489742.41
6371000026,407994.37
2024059084,683681.79
7283900036,362952.7
8881900230,816812.32
3959400135,397053.76
7696610270,232174.85
1689400150,844859.56
5103900015,452191.81
1441000350,385549.23
5101408735,303678.1
3126059027,1892349.07
2320069014,500164.35
9541600015,695614.15
8682320420,753734.55
1562200090,636387.49
3395070980,547481.17
7349600230,263238.54
522049122,281725.15
869700060,315205.45
811000055,1275401.14
1221059176,432582.43
1523059103,424758.37
2025760210,748657.46
9218400088,358674.22
8682292020,509119.49
2623089135,495433.61
3758900259,1119301.16
524069049,509054.43
3121500150,1033554.66
5581400080,828989.54
8087800020,534929.85
4070700290,771768.58
3296000170,729359.72
9238500040,243291.63
2744600040,359923.54
6813600380,628544.6
6140100150,533993.02
2201500555,487147.35
2600110250,677374.82
4337000275,192911.95
1186000150,452664.27
1972201963,516533.18
1105000745,392794.5
2887700560,551051.53
4039700080,672480.43
522049104,317885.24
4202400078,248764.95
7520000695,110235.11
7714000310,412111.4
4319200060,796615.04
8624700015,576754.62
5104520610,313287.44
2354300845,282995.08
3824100291,490102.18
6151800612,277052.85
5454200080,1026147.36
6413600290,340056.11
2131200065,353243.15
1459920010,270805.3
50300090,493691.8
2326300090,627077.12
7714000070,410366.16
3630180500,885879.94
1727850340,1147201.57
8691430330,1001965.69
2310030390,277428.82
5561400610,570021.07
7010701016,477261.93
7883605915,275910.35
1282300995,343794.0
4040700310,540112.41
3353400435,248862.47
2143701015,485830.65
255450020,377093.09
1020069017,333987.09
4038200120,558363.42
9284801100,349721.56
1965200075,642097.86
847100047,548833.04
4038700720,581073.65
6815100085,794428.56
2508000020,338155.83
255520180,667967.23
6822100750,570695.56
869700050,356894.13
1775801405,604408.91
6600400090,234635.83
7202330270,498169.25
1683400165,768160.98
2625069070,1276867.64
7625702440,462595.3
3388000640,236115.77
1899400365,284683.65
6899990200,808501.18
5569700020,906457.4
986000045,307690.88
3293700221,340377.97
3764800250,384813.45
2291400566,389980.89
4219401236,1326170.7
4239400840,167274.13
7211400990,229563.39
7696500280,200446.23
7215721070,601524.54
3204850140,397157.15
4322200220,749740.64
2566300100,1066977.66
1944900090,492252.24
6648500390,300580.4
7385300020,815553.69
1704900135,367023.11
2877100655,840708.24
2726079098,752301.16
7625703800,458741.09
318300040,502288.61
7922800190,564853.66
2023049361,219944.08
8946400210,485456.89
6071600450,585528.32
4343800100,435941.96
1443300140,399706.01
1024039001,923040.77
2767704860,605514.32
7234600851,744214.77
644200065,845549.54
7784400035,815706.93
3826000560,276577.13
9272202260,514208.89
263000253,475986.48
3621059043,611525.34
240000130,576248.25
1352300120,214368.5
7849200861,297831.97
2487700130,518911.52
1796100140,297080.79
7234601221,590855.57
8651710190,515139.51
2916200091,616057.16
1232000915,534555.02
1545801970,258621.62
3211200420,370786.81
7686204675,204553.17
3141600210,205570.29
3959401284,501971.12
2113700825,253646.74
3876000710,377867.8
522069022,590440.43
3214200070,338979.83
1221039156,294975.86
259600790,490566.99
785000040,500204.42
8138870470,544327.29
2596300035,342293.03
540100057,1799767.63
3073500045,590409.46
5363200266,422211.19
8682261650,595815.21
3224510080,991637.25
3211270160,436623.49
9269200520,188407.37
293810190,480388.1
4197400043,302904.09
3026079031,404576.18
5332200405,891268.62
2473411210,351850.55
9268200315,555148.43
8123500050,604610.69
3221069091,508543.97
2485000165,682297.02
4058800215,608228.11
1926059039,838758.22
2533300680,999805.61
3343903640,300401.87
5700003705,1169291.62
2023049372,417019.35
4058800830,708217.95
3333002302,373085.66
2944500340,303973.65
1982200790,532328.31
8929000270,532918.04
8122101440,311013.09
7525530470,950723.27
9332800020,781969.62
3878900525,252193.97
5420300210,261338.25
9232900165,338533.68
6414100026,385703.69
3013300660,834579.57
7954300120,608427.1
1081200360,382843.38
2877102345,511359.81
2202500255,465671.14
7984400050,227003.38
9558020380,523851.45
7812801850,224947.44
8944460020,395001.82
2306400040,549337.84
8649400410,328021.07
7889602020,220067.87
2041000025,504799.18
871001484,586256.37
2767602141,244011.59
3630180470,814836.12
2769602140,447842.2
2473250280,362735.74
5422560660,591146.4
3756600240,370082.73
8651600160,812915.09
7202300540,1073300.04
8961950250,441968.76
3303000130,480137.57
798000062,286032.1
1695900150,825866.29
1604730150,482548.01
4136930310,395577.84
8835401250,1278295.6
8665900328,424204.99
9262800255,251478.98
1853080570,792402.98
5556300114,897649.2
9517200290,429455.56
4037200295,539755.57
7417100123,424222.79
2620069077,205380.8
7922720040,761066.71
558100090,574183.44
257000037,343763.84
3319500385,488890.78
9297301520,357891.08
3580900090,417459.05
1321039076,183092.65
7227801581,309302.83
9407001620,337866.68
2130400150,366040.17
2312400200,259722.75
4046700210,420051.26
1193000480,1054943.3
1492800296,554412.48
3013300017,432303.22
3630240140,628633.33
1049010390,344504.9
9320900420,167787.64
4315700060,389743.31
2591010290,305389.88
323089085,723968.19
6600400270,206601.14
2919701105,457870.44
7202360670,1119016.19
8927600100,792828.55
3211700045,686854.64
4027701326,556035.41
1601600195,273420.6
7853280350,703987.71
3629970130,867436.58
7203120020,889529.55
9542900190,351241.04
8035350120,650638.31
1238501184,816105.32
251200240,541925.48
8945300200,195742.2
2162000160,1345962.07
5466310060,173456.4
1239400064,897138.28
5205000020,323143.21
1720800305,596016.96
7280300375,628436.72
2095800400,481296.98
7852010950,553825.37
1428001160,595041.81
9528104910,718789.24
8644210470,1044963.27
7923300310,576403.25
254000100,700966.3
1931300688,512329.24
7007700030,434504.6
422049178,239146.82
422069067,518618.14
2923049393,405153.8
930000305,486277.96
2461900448,555943.15
2610100020,319914.67
2895550050,256677.78
7701700040,335706.71
2460900020,523417.99
9827700105,591438.5
1005000240,290243.46
7200001254,541852.61
866400040,565435.74
305000170,691696.63
2260800110,1178646.82
3442000127,754209.84
5253300437,495168.14
7576700150,982929.87
5469501410,452106.86
5104531120,741990.23
723049434,327439.73
622069006,1250305.68
2517101200,330654.64
8159620160,256486.67
5561300640,472141.81
3317010130,236030.22
4364200250,396005.5
8732300060,781336.74
5603700025,808541.27
3585900190,1024783.11
3996900575,307329.58
8731801260,238094.1
3810000860,354077.58
5700003585,2155157.82
6332000050,463797.71
9286100250,469436.26
9471201110,922635.05
9290800050,533997.09
7300200400,637803.16
526069024,916131.02
1454600156,955683.02
3904980360,583152.11
2626119062,248099.43
8651730290,503110.8
7611200195,748673.89
1919800260,624254.82
6632900354,312667.79
3972900195,367262.26
5151600170,292595.49
7016000440,451659.54
871000435,766504.22
9578060540,629345.35
2332700060,911659.93
766000240,326528.86
4363700200,372799.35
7100000250,340189.1
2781250560,224608.32
2781250100,361732.19
5419800220,265643.93
7147600245,281614.75
2926069083,907571.51
6189200125,912253.94
9542830160,284815.08
5152200020,289628.24
9412900045,499113.68
6600410480,200196.35
6979970080,529369.75
5636010280,274141.5
1732801300,810792.89
5561401530,510754.48
9578500510,332591.42
7304300906,351489.34
1223089077,770755.75
721049207,272669.88
8691330310,1049661.6
1523069204,540030.0
3188100105,645508.51
6608500290,427480.3
2891400410,356792.03
7663700551,320333.84
5413200140,264669.61
425069139,659732.63
6713700155,392102.1
2767603505,475131.57
7789000080,264271.86
9211500620,247228.35
3750604417,205221.62
7922800320,570951.42
1471620240,410272.24
2222059052,338767.18
9551200270,1021717.0
2767603160,535803.94
9406710060,378578.38
8929000250,371243.25
5538300120,456639.4
2223069120,502398.32
1652500060,1714566.6
8564500240,467690.83
3629700120,651942.04
3943600070,391795.59
4171200025,303358.83
2425049063,3987564.16
9828701650,353391.41
3581000340,403141.11
8100900015,425583.11
2125059161,1252677.19
304000380,218607.61
8146200070,1375812.59
686530170,633698.52
2917200645,477612.98
9547200530,759080.58
2122059199,394281.09
1150000740,736848.88
5706200060,369276.79
9265410010,239423.63
4083800555,489294.24
6152900332,379831.82
2520900301,226074.81
9828200790,464091.94
1657530180,310968.31
7471900045,264391.09
9828200460,419712.5
1775900140,438146.4
6139800430,462997.37
7214400005,469587.6
5332200026,546944.17
9510970300,922452.05
2540830020,462712.22
3392100140,218580.92
1326069191,407540.16
2125059112,1032610.81
859000022,377020.09
8854100350,705252.37
121059007,221939.89
7977201707,510307.04
3859900060,3263453.12
8815400735,741470.31
705700530,348378.72
6600780130,401675.89
6378500105,444356.63
8143000310,451059.92
2877102330,727602.04
3526039074,589028.2
2115510300,264261.52
3024059014,1920064.31
2141330360,681843.64
546000400,508997.15
2071500011,472915.55
7972000240,232685.35
7016200460,449994.37
6204200180,436363.73
1552100135,1041738.42
88000173,406977.77
2581900235,773865.39
9211500560,244852.14
621069218,471306.39
1321970240,329421.13
798000630,344215.24
421000285,253937.43
2824600180,1014025.06
3832051140,330606.71
1237500105,771415.37
8802400906,275228.37
3166900270,436024.7
3682000060,387097.36
5469700020,304133.71
1245001820,625714.5
9547205660,578378.96
7974700122,670989.72
7550801225,574160.44
1099950050,730493.69
1402900460,341966.09
7636800041,1119925.8
2115720270,259981.97
8651441750,200300.05
3904100035,246331.21
8815400020,580353.14
3303860590,439464.19
5427110040,1279493.3
1782000160,335793.81
6204420290,453760.81
3995700245,321880.01
7955040130,501255.95
1442880650,516893.4
8833510230,976457.93
7283900551,479014.75
4396000180,234731.4
7504021310,753420.49
322059264,253015.69
3654800040,294629.2
2767704777,531698.16
3278602190,372700.17
3236500220,555552.01
3410600100,270313.24
629410180,934399.7
3352402250,151238.58
4363700304,345882.61
7237550130,1714695.78
9808590210,1343816.3
8074200175,279565.27
3463400330,464944.72
6306400140,798595.03
8564950250,672674.14
5381000070,254235.72
9826700697,442859.43
8132700190,430264.8
7943000020,179834.57
9547204675,585033.22
4112100101,518117.36
727500030,694612.49
114101426,413809.59
9274202005,802770.34
1193000380,874186.62
3039000020,504625.42
7852170130,699964.95
2624079010,618167.61
4137010540,328883.1
7576200012,822368.08
1138020020,382923.35
3969300030,219909.68
898000200,210550.26
5153100030,321810.03
5104532030,552883.92
4406000050,263783.87
9274203390,586137.29
8682290360,489980.67
6928600330,268221.41
4139680070,849903.07
6844702690,416017.56
2154970020,1753401.11
4385701285,1126214.95
2426059071,566414.23
2867300160,410475.36
9512500720,555611.88
1773101020,338367.13
8687800100,299422.83
3627800050,1648325.98
1604600227,313966.69
3300701170,427567.96
9250900111,553038.43
7015200790,594825.64
1311100490,255042.69
2469000010,980347.93
1982201596,540284.99
1862700290,364558.18
2586800270,238846.65
9528102772,513780.47
5490210200,491094.53
6669080020,430026.05
179003055,214793.95
1860600535,948976.79
1592000130,627178.8
3905040170,627008.35
9320500080,264078.87
9276200850,504303.09
224069114,742895.12
2260000340,677697.25
5096300130,431666.31
3432500215,386939.39
2600000050,755824.89
8856003839,232745.71
2492200435,392086.02
7855900110,1186780.25
6806100250,337713.02
2770603523,503899.26
1370800515,1298471.66
2726049150,476008.72
1226059161,602817.23
1068000375,3073737.21
9528104109,492364.45
5126310060,573116.1
1951820070,578102.13
1545805980,363858.64
9464700340,1090478.67
4319200675,897924.9
7518500885,525916.3
7852020620,496814.71
869700370,358964.06
8643000190,256063.86
8902000267,616997.32
7972602435,256362.93
2050100210,1132177.66
6705120540,470598.11
2767601390,625329.73
4141000490,1346614.3
9345400350,748386.2
3222079162,344677.76
7789000120,259699.47
6646200770,750798.88
6666800180,880345.01
1725800280,485132.46
6117500460,973070.44
5470100220,230130.02
5457300478,415534.2
7550800195,558464.6
7787050180,602737.33
6204430250,514061.31
7640400250,556224.22
624110920,777569.47
3629920140,371796.68
7173700518,730450.5
3210200395,229688.65
2473480560,445206.26
2623089141,528742.6
1423800080,218955.84
2076400050,320875.64
3832060120,321046.13
7702600930,456103.63
5101404555,398557.62
3723800415,403587.72
3356403400,214598.61
9214400125,470400.23
1797500530,536288.06
9551201660,1038562.15
3878900815,390691.53
1760650280,343385.06
5466410030,256811.72
6388930620,578643.23
2331300395,776109.25
9412700160,285170.04
871001611,657748.07
3142600120,586450.41
3995700220,365547.95
2310000280,286131.41
8039900400,427268.36
7504021510,739522.63
1959700445,1318601.44
1556200155,609811.98
3629960590,399115.6
259000240,510361.55
662440020,420242.79
3123049142,502954.89
321100260,746165.56
6840701095,554086.88
3738900165,441774.91
4427100130,353617.29
9238500100,443353.43
6145601810,368987.07
2570300090,435801.46
4017600010,517702.96
1005000220,404012.48
1257202120,475546.36
9527000490,564202.22
8691400080,896001.93
1726069084,400573.78
248000240,207324.72
6113400046,331234.1
2130702350,470026.68
920069052,233914.62
6071300160,639301.84
1623049041,167079.47
9268200285,348569.48
1843100520,415006.69
2887700826,684732.33
9122000385,636467.0
9475700220,406895.5
2804600005,811384.63
2896400300,385482.68
5015000180,782217.25
3630220180,846680.84
8832900780,245303.55
1568100300,278305.34
8718500610,414775.61
4147200140,1359676.25
1973700030,975444.35
8862000075,203661.66
9320990110,301003.81
1151100035,451281.08
2011000010,238855.07
1651500060,886376.0
446000190,780990.32
2344300220,891136.03
523049195,217329.41
9191200015,627023.3
7942601410,713186.05
7137800300,219574.8
7853300280,480685.98
6654700240,366997.21
569000050,618549.74
3584000180,232015.49
2026079055,362212.03
8898700880,285640.38
5075400150,684808.09
8731981360,351756.94
4222500020,229556.16
7996720050,564873.05
4077800094,612852.97
6446200365,669695.8
2824089053,597578.71
1311800220,224752.95
3522049063,745888.09
1721801280,185106.61
6131600240,211745.78
7202310040,734942.78
1123059125,610210.48
646910160,233746.92
5630500005,410258.55
3342100785,234175.54
9547205610,644579.61
1773100123,285937.46
3353400092,327444.42
217500015,415241.06
3649100031,467138.09
7896300150,313897.83
623049185,269547.92
1773100430,331697.84
1781500220,778815.53
3395380200,247676.5
2424059170,2479613.69
4389200765,1823001.82
1543000060,459746.67
6154900005,627426.47
2902200240,450935.62
1442880640,548023.92
8562770490,598740.15
2768300655,598709.32
3432501315,362337.44
5035300570,701865.34
3626039028,410578.33
3876540780,248468.81
327000100,1104414.06
7551300065,451606.13
1312920060,268900.13
2215901230,270162.99
6306800010,395362.49
2767700022,524057.32
5589900610,501364.95
4320200020,691211.29
5249804655,635677.2
9238500480,476502.88
3885806565,1102521.93
7905200205,504951.33
5727500102,351706.62
3585220070,422578.57
2078500210,536113.69
1839920050,368145.24
534000080,331230.0
856000255,527780.36
4141010110,1709255.73
9558040820,678288.23
7768700315,1064741.4
2796100640,291218.32
1922059010,190515.77
3448000542,276262.9
3883100220,299887.21
7237301210,305037.97
3893100456,939839.68
9578501110,348987.25
6145601995,465547.25
4024100120,355023.65
8899000050,336651.54
3396820010,633336.02
6749700117,351209.22
1954400060,529444.47
3303970100,786357.17
2540850070,520078.25
3797000745,509925.14
7883603700,259172.96
3438501452,383233.88
3530210260,697976.51
3598600049,160398.12
731500170,355494.25
7129304375,175190.19
263000006,462727.67
7212660560,322846.26
1112700010,471032.74
3420069060,722723.73
2473000470,463606.67
8691390980,908643.67
6184700100,513218.28
4476400275,373978.01
2968801240,285424.16
1529300160,402316.51
7640400070,624848.65
7016100380,429850.56
2172000890,472600.4
4035900015,802775.7
9528104660,913161.8
507100005,407349.38
2783100160,426471.67
3629921140,970723.59
1099750610,250956.94
1330300451,1201858.03
2757000030,972116.0
2114700190,326997.54
2050000020,1100786.31
3832500790,279028.82
2612000390,364479.96
1483300430,415346.41
8899200720,279519.42
9183700470,299886.35
3530490031,224568.69
7857001225,348202.01
7920100083,407925.51
2254501620,436985.9
3303000130,480137.57
3876200070,404365.57
369000365,382108.03
3052700385,725975.98
7856550240,889390.44
7300410110,413520.03
7201800300,450339.97
1695900060,496033.08
9429500146,940941.88
3629910240,790423.27
8805400090,234234.96
1022069050,270293.91
1138010530,428697.31
7877400266,185829.15
7974200452,1099958.33
2126049265,454042.61
9547204350,645719.7
5560000680,205761.33
3793500550,302106.99
4217401195,1036861.95
1826049408,399921.06
3905100210,509835.67
7695370160,488211.47
3210400060,229639.81
6146600170,151256.03
2767601750,444986.8
1773100926,387681.08
5700002125,551658.32
1951100100,187925.19
1402200340,380252.98
8044200200,401215.7
66000070,333495.03
5083100065,222033.67
4027701284,430572.25
5693501100,574600.85
3600072,507889.18
8078550250,310005.97
1922059046,264157.46
2902200016,588337.1
9183700845,154893.95
3333001997,317739.75
1432400525,225464.19
2824059128,483272.44
6453550090,827663.2
6202600070,1471009.13
7524100280,228212.86
3524039224,828738.96
5739601300,535791.68
2473000410,439225.78
421059018,264955.49
4232901120,694922.58
5559600140,252344.34
3797310150,281283.26
7986400265,824005.7
3025300095,2638203.8
7524950830,634798.77
9407100730,291043.12
3812400854,402985.43
6002400030,339551.55
2212200090,249730.26
7202330610,609471.28
7300400170,347520.61
8965000110,495845.31
3996900125,344262.19
2221000100,330283.06
1524079088,333422.84
1133000036,349934.41
1868901190,722408.12
4037200530,558549.29
2095500120,341660.0
1995200338,822313.18
8820902350,767008.04
7459810210,375457.12
9536600010,580381.36
8085400586,1479550.62
7518503065,365142.73
8682320350,733297.52
3179100790,782914.3
9828702666,471561.76
6713700250,684472.48
2141330700,660430.12
7519001990,390643.47
3223069019,372635.13
7994700030,382950.37
2592300450,335128.05
2792000010,418997.43
173000025,359369.96
7203150330,752751.85
3305100210,753113.75
2581300055,939362.07
6613000750,1446669.62
7015200685,681382.11
1323089184,543018.63
3793500510,407940.68
2225079030,344645.21
3578400710,411467.74
8100000090,267327.87
2095500040,328606.27
8682281710,746120.02
6163901380,327863.76
6918720080,735908.55
6914700130,477205.95
1205000215,505053.43
3800008,308530.08
6150200180,323055.39
1223089066,997329.61
7768800290,832822.44
9285800330,985606.02
1974300020,312683.78
7628700050,787358.21
9376301800,662384.87
8651430220,197967.79
629810350,1039819.8
5016002180,893353.5
9558010230,388441.61
8732000390,243285.88
7899800586,375142.16
5249802460,455648.44
1446300020,551187.66
7785380150,437071.76
1245500950,674351.86
3362400640,607224.87
7578200310,715417.02
4137020910,325933.06
11520640,916805.76
7972601995,251296.54
8122100160,427268.76
9456200450,286412.61
1328320760,357181.17
4025300285,353225.63
2721600125,994698.46
1123049027,235903.3
3542300060,228323.23
291310340,622926.85
8651720420,495892.13
3298200790,460149.34
4037200585,484414.48
1329000090,1784806.58
9279700013,1027890.77
4151800265,523841.96
7760400210,273427.9
5029450110,215332.75
9492500160,727457.73
3578400270,462251.32
7606200090,281514.59
3682000050,378100.67
1250200415,339702.16
629811600,838791.81
1839500115,321613.67
1176001293,1720438.61
3013300409,373453.74
7853280370,716015.62
3275780030,623024.28
3336001946,256537.31
5456000110,835569.48
2473250400,321223.76
5393601635,538714.2
8820902905,369847.4
1245001659,793002.47
1523069215,545630.26
930000234,486451.44
4083301645,635506.87
4055700778,801941.64
2781230080,446659.0
3629910210,796183.64
7856700060,714530.61
7589700055,449090.2
3888100043,374410.53
6381501636,343709.42
3303951150,380012.26
8638500170,427973.87
5635100050,378692.13
8820901792,803497.21
5456000025,1381244.79
985001275,164319.16
9560500105,783709.89
1421069117,249450.81
4154300296,163880.82
795000620,102947.08
9828702335,464427.55
1250202145,1105534.23
1163400070,263180.56
5652600065,663018.14
1042700050,724500.02
8899210320,359597.6
1651800030,1763289.7
2919201365,801128.32
4365200895,357990.75
6841700100,862349.06
7376300060,498257.63
7852090180,563478.45
9222400565,512484.64
9542400075,918815.43
7338000150,194248.37
4322500110,576110.88
7694200070,404996.19
9321010130,270075.67
3204300455,1475833.05
6706000040,313191.55
1565930130,387055.28
3279000420,242758.15
194000575,531763.07
2115510160,260506.39
7522500005,567142.86
3787000140,478724.3
7852110690,650238.21
5469700260,368336.29
8691410730,890109.15
114100763,348766.99
1257202430,968842.43
7000100635,498926.17
1900000195,252288.51
251500330,1952597.47
7701960210,838844.61
4037000065,495182.78
522059299,262190.76
6072300800,686156.73
6821102358,629963.25
5029450200,228142.35
8860310240,634596.0
826000295,400032.83
9417400110,388814.83
3959400345,671254.05
8899000430,316239.71
7527200030,752131.14
8562720410,1176230.35
1432400335,205440.35
6699940320,392057.23
2525059172,766056.98
7548301044,378999.23
2141300420,889799.36
5100401414,385131.76
7346600092,247970.04
6852700478,509844.42
87000213,248712.76
5416500260,310255.3
322059097,293476.07
7229900005,352454.72
7116000350,174277.01
3739500096,183668.86
6744700900,807687.36
1959700550,978472.38
5589300435,434125.2
1775920350,336692.0
3750607974,285691.59
5318100935,801294.12
1442700430,522466.94
9346700030,804616.75
1841500050,345492.61
7278100665,391342.24
8635750980,743792.6
6909700340,663147.77
7011201475,853446.79
9348500220,577110.6
3876313170,408278.51
2195700050,911363.51
3760100200,511848.2
3396800120,557712.02
3750603685,261161.35
9828702310,523989.35
8656300380,453407.39
1438000170,538146.8
2423069164,540082.54
2112700845,296861.58
7635801370,563007.9
8572900135,430068.7
7504010590,759624.44
6821100125,447482.3
4310702775,315440.3
2591010180,435928.24
9828700235,625449.61
9376301180,469349.41
1646502355,939772.46
1498301672,449595.87
7715600070,378958.39
7283900045,535333.53
522069119,554004.98
5200100125,623232.87
826069184,485551.34
3271300155,710675.29
4444800045,574998.82
8682291050,822324.94
2770605420,501962.98
1556200205,524653.4
269000970,1101768.3
9264900880,280205.34
2323059074,262621.19
1224059053,1256827.09
3755500065,467033.85
2571900430,382757.23
3705000070,335289.17
824069173,628752.04
1735800050,156736.09
3025059089,792071.3
6132600655,810639.03
1068000255,1690568.77
3052700921,658468.58
3024089057,311709.71
7390400026,297967.2
1787600224,413546.45
2923049372,301183.27
7015201015,1117598.81
7701990040,928973.48
1925059194,1178870.53
301401370,354041.11
1931300955,423552.94
2395710070,377926.18
2591820070,425549.02
7883604065,254940.07
808300200,583825.43
1421069159,494671.13
8562780540,320158.54
2787720300,376178.96
2349300069,271822.95
739000035,148210.69
2397101460,673673.72
7625702437,428856.38
5101406441,460471.12
3323500010,1033350.64
225039082,788795.21
8078100260,353075.76
4139480200,649033.67
7436300160,535952.66
822039004,762927.06
8651442910,256705.69
1370803510,785532.68
3342100569,648672.45
1310430400,614903.18
104540820,244016.44
4305500030,619631.37
993000090,807286.15
8044050040,436360.4
5707500050,783124.89
6306800080,362646.5
9206700190,934372.96
8732040090,307074.4
3037200045,416878.99
438000025,649160.73
239000115,334201.21
8929000230,533772.05
7135520610,1224862.68
5561300340,606797.65
9530100085,715862.0
6613000140,1474541.57
8835210130,315200.94
3782400190,395825.4
379000051,281023.18
3869900150,326439.5
4322200050,507244.42
8961980290,855693.69
2558670110,429039.24
1124000010,428973.78
3869900138,493317.63
7853300720,498569.91
251300110,168606.11
3904100041,272440.62
7701990300,1030536.99
8682231190,652323.28
7888200240,216660.77
2025700730,330863.77
3066410800,745447.19
7576200040,734044.78
2526069095,1444594.74
2781270530,206312.89
3763300005,494400.89
1523049083,230623.92
923049468,232930.68
3303700221,634168.27
1502400140,233045.78
2880100160,918159.36
4083304535,800214.31
8820902549,535373.36
4139400060,986244.45
1222069094,374240.24
9367200205,616006.05
2734100736,342189.89
3856904580,670698.62
3812400789,343490.53
3303980090,1098785.13
1314300018,306313.93
9522400350,560393.79
7524350080,343381.46
9406520260,325609.95
3278602040,407469.05
7696620100,246304.9
3751600635,236581.45
6365900065,393736.99
8732800100,287325.27
3876540410,253591.6
7349660050,278206.98
1036700220,765846.6
5417600200,348562.17
8732020310,286690.26
6844703240,1037532.59
923059206,351964.99
4038700220,588827.69
2597520900,832252.37
7203230040,995808.02
8820903560,301573.01
424069112,779195.9
6056100102,561159.08
1823069155,512101.12
9412400220,3049732.84
6851700381,1062698.31
13001215,285689.41
3630180340,845545.51
6746701090,567493.45
3832050760,293003.45
369000690,479077.79
6071900130,593035.76
7266200085,613491.53
1473120390,489238.72
9523100458,578153.4
4345000510,108414.59
6600220090,481148.75
8079040320,409468.98
1357900060,482666.75
3996900295,366939.47
1442700250,539048.25
5021900175,587872.15
4365700130,359364.13
3876100320,511846.74
2124069103,484180.31
6700400140,274998.01
7852090810,546143.05
1454600038,846570.23
4137000250,327023.74
9826700726,568194.2
6716700325,471017.47
8562750300,668999.37
9315600050,1885363.43
2790410250,735258.95
7732410130,809612.25
1387301730,343984.22
1568100220,349076.79
3975400085,840968.86
339600110,495107.7
7888400500,230359.04
1842390130,763214.51
7595700025,369177.14
2158900140,776972.75
6151800070,344650.14
9294300515,680892.32
1250202660,778302.47
9106000005,1000505.72
5035300085,672527.89
8898700440,286350.34
723049197,197321.46
2019200220,136972.92
2926049408,629358.55
4233600190,956162.54
9268851860,461769.29
5458800620,782999.43
424069096,426010.3
8150100265,269202.9
2742100085,392806.11
8045600130,430586.21
8039900086,311407.83
4131500190,325882.71
1370802650,757839.36
821049149,262586.38
5104520460,380972.4
5466750140,257133.98
1703900155,334834.46
8658303065,377420.49
3298720030,478580.51
1839900080,309061.93
1561600025,731939.98
6064800410,378833.0
621069102,239486.43
7853360620,400209.88
9385200045,643938.16
7214770020,642897.48
5412300100,240284.39
2025701360,271152.89
7334602070,324032.28
8029200190,206976.63
2622049052,639933.17
3126049261,353554.9
4443800705,448734.44
2473420100,331945.3
7922710520,608769.54
3336001911,258270.15
3797000300,422169.72
5406500480,671781.11
6706600090,438127.6
1518000230,382348.25
1250202990,830902.59
6441800060,987505.6
2141500070,531557.72
9407101900,305238.47
5451300117,2110021.42
326069132,507135.1
7153400100,260424.42
3083000910,453727.92
3021059304,322386.91
2597530650,894222.08
3972900215,366403.4
2473420070,316000.04
6115400008,489138.42
8682220230,994467.97
642150080,531160.94
3775300030,382098.56
5418200340,637575.1
2424059119,1190217.98
7899800476,262502.76
8598200070,268911.92
2421059125,485972.91
9528102771,594182.7
7522500020,550039.77
7202340720,718215.72
3286800260,715969.88
1121059105,491850.56
7504030220,705356.63
4045100190,1846949.82
9406530090,384056.0
7138000260,262629.46
2600010390,755430.71
2917200365,462792.54
2191600780,197711.95
7784000180,439196.46
6149700194,367565.35
8082400136,761423.89
7202340930,699699.32
1972200556,570863.21
2767604170,583700.72
3271301175,541970.96
3223059303,558423.59
7598100735,1116049.11
3348401490,373655.74
1545803390,295868.96
2296700050,537351.39
3626500045,732018.16
1596600060,259028.66
3616600250,1646792.45
8078560140,281326.72
1796360350,253057.92
2770601763,594818.26
3223069118,791843.21
2473372040,425797.06
3575302759,433514.13
5706200170,534227.84
1774000030,438124.68
2224700136,365916.62
1250200418,340509.47
5416500840,382304.13
7335400345,162926.02
3776300010,1048135.13
8857320130,570755.97
424069206,792573.78
3592500985,1100264.69
9828701295,355078.85
2621750340,329315.91
7334401000,288956.16
3286800110,681785.12
1722069097,527996.83
3574770030,530124.02
1336300610,1001818.55
7230900100,347414.9
6141100320,199656.46
2767602356,866419.66
476000017,529886.96
2558600100,448587.68
3500100015,293811.84
4074300150,465168.69
8907500070,3810072.89
4388000260,197928.9
2475900850,251686.52
7852010900,545662.0
318500300,737285.4
9200000050,182198.38
1026069106,528994.28
205000120,838899.01
2616800600,918187.38
921049141,752024.27
2023069059,864913.83
7229900145,451443.79
4376800010,638344.74
4389201095,1775203.58
826069127,476847.01
2310000250,283163.0
4058801225,346040.65
6600220550,474737.52
3585300194,1442842.02
2594200375,387143.88
1102000514,729281.13
1862400471,467670.32
6928000440,339848.3
9578060470,612692.84
8732020670,276200.21
1823069088,320420.62
8712100350,1215108.2
3420069055,374606.61
4229900140,370170.63
8682280490,471767.33
3830630310,264380.5
5100400251,318757.11
1737100830,645596.55
1630700276,431321.88
6326000205,444761.52
3426049284,3166336.9
3814900260,425273.54
7403200050,1582151.41
1725059252,811196.62
8899200570,321396.59
4137000700,301671.96
1115300270,623327.38
3904920380,637408.52
2695600195,336115.16
9542100135,868183.91
1552510160,407528.89
1823059241,582657.36
2193320450,655391.23
1122069006,677144.24
7853340330,396356.13
1954420380,509513.41
7299600530,292245.78
1760650670,268850.13
6819100080,544542.76
2767704649,518481.65
2424059035,983483.09
1566100400,356015.04
5255690060,496220.44
8860500130,410303.55
7349650120,333575.19
3291800670,428209.85
3764650010,523591.73
5416500950,422985.8
7973202712,216516.39
3291800120,242212.17
9211500620,249453.43
8643200020,388525.71
9197100101,180227.23
3531900060,362956.51
8842400071,457201.96
6844701680,476681.51
6413600285,407433.69
5196410260,1100315.05
824069121,845789.88
3876313120,408589.34
269000030,1034180.75
1560930070,705989.91
4435000705,133230.56
9542400025,945355.51
2470200020,1647837.17
7519000580,502555.02
1226059101,477698.62
4449800063,367441.63
2815600305,734977.83
3821200050,332238.58
2644900110,398217.2
8058500005,398205.04
1099760230,246136.07
1954430180,517359.94
7853360480,444571.96
7229100040,311076.27
1432400120,101253.75
1898200080,350532.62
4054520100,889227.6
2568200140,815597.25
587550010,652356.88
4154303215,828223.02
6358900070,1049736.68
3277801640,484165.08
6209000165,320525.75
6143000020,306843.72
2591780180,494975.04
5412400170,254308.71
5466350120,264988.59
2877104196,673542.03
3222059007,341946.2
7957600025,249012.75
2698200210,258883.2
3764500230,569106.9
414100630,359048.29
8029740060,332823.36
1426049054,429188.2
546001060,672279.09
3277801417,453068.95
3630120970,875237.7
2326059080,1147396.33
3278612370,410547.01
4024700100,338815.65
7697870860,247856.32
8562900240,624558.51
4059400585,234952.45
5703000050,521548.45
7701990560,836336.41
1760650610,341752.87
5408100035,374263.44
1370800560,1290469.63
2880100240,493758.66
3630060150,591985.87
6071700020,564548.3
2473002500,451700.89
2768300650,495906.79
3523089019,798018.71
2787250190,612623.31
9477940440,452184.48
8732030440,304548.76
236500050,321205.69
993000100,805918.45
5466700360,267260.57
7203220300,922659.68
8682292180,471465.08
5209200010,471187.75
7853360990,396713.87
8663310010,449349.39
2313900165,537240.71
6114600030,532569.0
3303990030,917592.13
6679000960,371125.72
8161000230,614333.44
9510860060,863471.55
1223089083,875619.24
2721049059,298207.13
2523039278,305399.49
9826700707,517515.38
2159900120,554594.4
2767600635,685468.02
3812400455,414690.58
7852030960,431924.92
319500080,745925.79
1061500360,308277.73
1787600209,401439.22
7888700030,572485.7
3623500260,947385.3
4219400520,1353316.64
518500460,1594986.23
2500600297,283085.51
7283900010,330180.08
9225900055,305756.77
4036800925,495037.82
7967900150,414604.77
1782000130,411053.96
3163600015,128849.48
254000075,348710.12
1424059022,1313507.05
2768200090,676154.99
4319200505,480976.25
1592000780,709838.08
1687910100,645571.92
5200100115,578795.55
3751600176,202499.04
5608010650,1109263.31
2051200506,263942.15
2781280310,301967.0
1023059190,279324.09
2787310130,278454.1
4358700100,467101.56
3121069036,591022.38
1959700225,610821.82
3205500230,377687.3
7974200937,496794.33
6819100111,905936.27
6146600175,163870.5
1525069095,1078409.59
1231000510,227901.3
4122700040,991128.59
2426039314,308598.65
2013200390,265148.61
1854900330,767718.63
1923300135,575130.45
582000135,574770.75
587800130,304850.68
7840800135,230960.01
6116500366,381191.19
6392002635,620213.12
5361700020,365546.9
106000395,425422.42
7199330390,427129.84
2484700155,612247.76
4038300070,523877.93
9407101850,350638.95
293610040,679912.51
7202360760,1047894.26
5608010750,1385445.32
7236500025,320224.5
9144300120,291511.47
1454100267,374736.67
1377800135,650118.54
7967700570,236556.63
1562100220,675634.16
2923039243,538288.46
868002080,735481.27
7137960460,300333.12
1023089096,331841.8
3262300818,1755800.65
8563050110,626947.36
7137300245,444143.95
4365200630,440283.05
4100500070,1761084.81
3821400200,255857.83
5379803386,265790.91
4237901075,627308.0
8118600155,400044.27
8946780080,606492.18
1428000970,510631.26
7011201004,641565.33
2799800180,422863.99
522059130,224320.83
4315701163,603912.25
3649100387,469378.96
2125410210,503205.81
3224900130,249806.72
6798100661,342485.02
3626039325,1004533.67
8730000270,394807.86
6065301040,837421.84
1665400165,249719.06
2203500140,446217.06
4058800875,340413.68
5076700025,516163.86
7853420110,546377.48
7818700480,297771.19
8658303080,381381.73
3187600100,576451.07
4077800518,323133.04
2470100110,4985972.2
3451000206,355160.47
1843200350,191210.91
7904700126,432238.91
9430000070,275037.35
6003500749,639642.74
7701990700,835871.55
1310820150,377570.98
3975400190,604459.06
4100000050,722355.76
7202270700,677684.32
7370600020,626493.12
126059225,450290.58
106000015,425218.39
4458800060,953947.44
8944290090,243877.55
8682250330,724864.24
9834200390,465159.82
3275880100,851545.17
7227501190,226966.14
1796100010,634518.54
3831200210,309787.27
2521039066,307123.6
7701800050,446143.02
3904960910,767930.99
5647900670,276184.67
7234600796,566671.41
3021059244,237396.44
7787400030,1841286.84
2051200436,593761.82
8820901415,378823.61
3523069047,973164.17
9194101388,537496.94
7277100610,426837.87
9471200370,1826168.73
2767800140,724078.67
3629870110,558561.54
9136102057,601320.93
8648900060,554182.53
3678900110,391723.48
2767600150,554649.93
1972201511,595277.92
6055000430,579334.54
6624030050,388902.34
2215450150,344690.25
2767603824,497516.43
3585900460,883958.33
2922069134,461524.06
9267200062,419650.06
7228500425,568752.6
1089000190,903635.0
3359500960,458059.11
5152100160,439606.29
7230300060,384881.72
2423059067,537613.32
8016250060,264796.35
2524059267,1027158.77
1438000440,516224.9
3326069026,781642.31
9353300600,144834.25
8691410060,902520.55
6332940070,621207.61
1310980110,290746.56
7428000120,259517.99
3626079040,793078.86
2722049077,313245.61
984220290,310057.41
5347200160,251166.44
4154303655,535694.09
2953000250,270398.85
9523102447,695277.89
5104511840,427329.08
3448740250,434501.28
4219400290,1062461.18
5152100060,528312.14
3279000460,232501.68
1102001274,1104054.96
1251200155,1196914.43
2025700740,279190.13
3820350050,409506.86
1245000438,819841.12
7853230200,453294.55
3832200070,241014.9
2926049400,477048.05
1246700251,914679.23
6372000155,574990.6
7950300670,426778.04
7518504130,532376.54
9286100200,470059.41
3992700585,447749.96
7234600786,902543.79
5476800069,395862.02
1126059201,1194825.09
9527000090,570245.63
402000115,296757.98
8818400450,1072086.76
2475900840,242539.24
1437500015,163696.03
2848700095,486718.73
1529300135,342840.9
2597520090,837919.54
7812801125,228712.68
3343903647,407441.85
1951600250,156365.53
9542840590,267088.58
8081010040,1294855.86
3262301355,1265583.29
1861400068,446682.43
3295900490,506271.09
4345000440,246908.85
4219400465,1001629.4
3797700030,280276.17
3204300860,852875.61
1930301555,519510.16
8807300130,385295.97
4391600035,287974.32
5021900140,1457033.27
2946000590,279877.65
686400210,635766.93
3365900462,264487.68
8682262170,479749.43
7312400325,345068.49
3760100100,463352.07
3579000410,532248.11
1773100755,553782.07
7129300175,344989.84
6303400965,269958.24
1328320440,369504.01
3686900025,227193.97
1221039066,394230.71
7950304095,339912.8
3585900785,1081551.97
9455200329,532477.08
629410130,945985.92
1994200375,596143.73
6669200370,894466.87
7262200150,273815.67
7504010750,608782.32
5253300173,349873.35
3395040200,313434.77
322069109,430654.38
4054510270,1159514.06
1710400005,584097.2
8644300170,808605.28
2450000290,1133920.6
6102400166,735786.44
1934800087,402747.61
3333000775,310662.11
5393600509,279248.98
621069039,394999.93
3343903611,604421.59
2954400020,1351875.78
7972000010,99278.55
7214810510,441889.52
5561300540,564335.14
2634500070,416193.35
6822100310,699549.19
9201000100,713391.49
1072100085,373659.3
6190701146,427213.76
3277800845,281313.31
112900020,389867.85
1324059048,764009.01
7979900126,416021.13
7199330370,434305.33
6381500720,421059.16
8078550190,302710.9
7853440140,724177.42
6300000396,389013.63
3374500250,364625.98
3343901188,257292.45
6979900010,1076925.53
7199340320,594610.68
1112000125,316439.43
9269200150,369627.72
5104510210,300212.56
925059219,594396.94
100600320,207753.43
1789900080,263678.99
2123049142,345900.75
2459900040,712770.6
3902300450,603140.99
7250000065,357278.26
7823700005,321104.01
3750605247,231353.07
2771601730,480549.39
3298600440,434585.83
9141100005,644117.51
8682262190,481358.49
9407111250,283276.44
1336800010,1535395.07
2255500060,584729.78
7950302345,329102.73
8658303585,284547.12
9184700600,1119218.97
8068000440,280052.53
1310000130,327991.67
7853221330,735994.18
1222029077,341839.25
8562891100,402060.29
2517000260,370017.45
2225300149,368645.89
8651410330,187432.62
2413910050,746401.14
9407100720,319695.39
2112700920,364815.54
3761700251,954118.49
1036400100,725555.85
3585300365,702885.5
8562750060,1009055.04
2719100042,575679.75
952007055,434672.04
925049318,602996.05
7203220260,986629.21
9320990140,301494.51
8567450140,613179.18
5379800810,213306.62
7784000100,489062.39
3992700475,387620.82
7905380280,479452.13
943100683,391712.27
8029770470,552956.69
2818600060,1262757.35
1226039124,466812.54
726049184,295361.79
795001930,233282.6
339350150,910175.29
1332700270,287915.56
7548300170,657188.78
6141100330,448803.77
647100096,950992.59
6744700423,460520.31
2895800750,286332.04
4046600220,383165.18
8809200070,397855.44
293700110,867687.28
4178500440,263800.48
4358700164,310995.59
9197100263,279467.44
2426039313,320023.61
9468200163,613837.41
475000190,535591.41
7504180170,467663.63
4036800170,539881.18
2561330040,485098.22
4123400340,555432.28
524069115,743104.15
4047200850,346518.18
8651440230,260734.06
3905030140,618116.91
510000641,685075.25
8663370020,422958.77
2883200760,658788.29
1980200384,951619.49
9468200140,496949.76
1796370150,292575.4
9238900085,577690.44
9191201325,526169.64
2538400060,1042236.28
3758900037,868266.71
2472920800,450650.59
321030150,346679.48
2571910100,304055.12
1423910670,267566.6
1118500030,1044500.97
1939000010,806760.49
1776460190,559926.89
7504400290,688420.65
3448700070,430371.09
7518501025,608221.73
923059252,517216.38
1431700210,251001.7
8635760480,700976.33
9175600025,1289561.7
7922720250,611275.2
8944360390,537887.69
8948500065,228759.79
8669160310,275174.57
6117502745,506672.47
1789800020,336571.61
226039186,368547.11
6457000080,269769.34
9557300080,609704.4
8562790480,693618.89
6430500008,468975.81
1604590230,800642.55
9542850290,809718.81
7831800395,307709.95
3317500030,1248086.24
624101110,737929.04
3654200039,400469.12
7856000150,844878.9
4338800685,257078.81
3211230300,430335.79
3904910650,653187.33
3598600088,310729.66
3796000400,366286.36
7972601280,462103.66
1450300050,287361.72
7504050090,824335.81
9202650130,638521.91
2419600075,400887.16
1224049005,1115794.76
7129303240,319806.69
1922059135,198586.69
7852020250,678895.91
4139910180,1764726.38
4222300040,262894.84
1024069027,1006381.43
8944600620,613937.52
5040800060,705562.5
1036400200,248381.95
7899800915,240934.69
3325069025,532321.21
9408300310,626457.27
1773100604,390770.53
5451100490,984293.79
9536602080,196619.1
9828702055,395659.34
3362401758,527334.59
476000333,482288.07
4364700730,388725.47
5559200020,231832.13
7522600110,243079.01
104510440,256330.18
8820901275,571489.09
3298700125,238570.73
323089172,490422.45
5364200477,500451.58
2222900082,397149.2
6641800020,550794.08
9358001422,306834.65
3438501150,290883.29
2206500430,566729.78
9272201318,572109.66
585000095,634193.67
7708210050,544849.25
9407000840,315453.84
4027701265,629750.01
8644210050,942190.93
8656800020,422767.62
3329520170,231135.85
5104520720,318203.41
3806000005,169708.82
2330000015,808971.65
1447600410,267954.23
8641500252,420632.53
6084600420,299024.17
441000115,420887.33
2597490030,739523.34
650000030,663229.36
3585210200,458040.33
5416501030,420762.92
5406500170,685943.43
2916200065,483699.41
3330501975,467112.25
1774220070,583330.11
8731730710,218754.01
7861500150,416607.14
1402630190,426743.85
9117000230,293579.64
7133300380,689238.51
4232400470,830344.92
1773100972,332832.25
9413400165,286284.26
7658600025,455222.36
6909700040,1024142.19
1402900380,308839.48
6625910100,438945.22
3204900010,623357.7
5162100820,332575.87
5560000480,140214.38
1704900303,573263.14
8084900170,1921562.75
2887700091,663253.4
4331400190,270335.93
3762900130,397749.97
52000067,536008.37
5430300120,889230.15
8956000460,651048.59
8856950310,264115.14
3364900156,329100.53
9310300211,342984.14
6448000020,1209510.13
123039570,408550.77
7600065,531717.43
3123039171,575300.5
8964800445,1843135.07
7857000732,402392.48
7525410090,659187.37
9541600350,766203.11
3186600515,743477.72
4123820450,344937.86
2505500030,997350.54
1541700240,354289.7
6629300120,348789.61
7399800150,472271.5
9517200180,334245.83
1313300340,587124.73
7967650010,418684.67
8807810090,464111.86
8815400670,720524.26
2310030500,302925.18
2241700075,355147.26
2287400030,321896.59
2827100075,293172.28
1310700390,327192.82
5498100010,480041.88
723000114,1411083.61
6431000987,528734.02
3356407665,235256.71
7852110050,558640.38
8677900123,487894.5
1917300260,227007.92
3396800280,591567.11
8691420050,947714.23
9368700006,331661.78
339600290,434367.05
1592000250,627414.5
1471701780,346554.86
8928100205,558443.83
5029450100,224502.74
5493110080,2845131.58
7883603750,303596.73
1732800175,943385.85
1518000290,375985.64
8604900017,563183.51
5379805160,314798.99
1254200835,589331.06
3179100482,494717.84
3313600266,222453.76
976000879,625685.86
8819900220,632364.33
2130701535,347690.0
1176001124,585685.81
7893805650,167031.49
3885806840,799535.4
3625600190,1409125.61
8562790150,780773.61
7348200115,240485.67
955000453,440177.25
6817810310,403513.45
4040400340,511068.26
1644500050,776434.99
8029500100,340309.81
5244801230,701809.11
1115100119,412050.09
9542400010,861406.28
423059387,590438.17
4023500990,373307.39
7899800857,271618.23
2976800796,248460.75
1074100020,377062.52
446000010,554726.64
7942601200,474794.57
3575305495,812543.06
8691310040,979603.07
6117500430,741937.87
3924500130,562237.4
2028701075,486474.17
4330600360,271341.98
1324079082,428741.47
9268200484,764377.78
9828701605,584988.03
7518506715,997288.71
5315100277,1702861.53
3942900115,352626.53
1561930020,447968.64
9510970090,718968.86
6163900821,371526.24
9510300220,650050.97
3869900146,275940.35
9262800208,678489.43
2522029039,658849.87
6865200095,684097.24
3782760040,554914.47
4237901250,581692.97
2891000610,247559.37
2749600095,490519.74
5422810010,387009.51
3629980350,808761.83
2459500070,309615.37
5113400364,651926.5
7533800885,753977.55
629410190,934363.16
8651431100,192606.61
7960100050,577785.76
1842200040,479875.27
425200205,232859.39
9477201470,356137.63
7905200365,516511.01
6381500635,314939.52
6052400175,352461.11
1236300268,439346.86
6072800265,1410548.12
3423049311,245564.45
3755100540,450979.48
7852150120,380479.33
4180300050,384707.77
7625701935,341610.47
7132300550,436569.77
3025059093,3195867.08
8161000220,524940.18
7852011020,594417.91
2599200160,375239.48
5536500020,570904.05
2095600150,281883.45
8910500226,424490.29
1681400010,800312.76
1424069110,811722.85
5127001620,343853.35
7940710070,469524.01
2413300980,322384.45
7853400250,273472.63
9542801310,305332.22
1890000169,505951.56
2720000120,286007.82
9424400105,524604.87
7888780090,279989.51
3501100280,360516.48
3905100220,553729.26
723000150,916611.68
8691310980,873529.09
2297400250,518923.89
2892600056,227228.85
5273200080,538363.93
5145100460,517677.78
5561401260,647398.72
7732650040,1170507.73
7504101280,966821.07
8581400345,312753.38
7129302800,482402.61
9551201560,532030.9
1546600020,727299.57
2648000071,232827.85
3339900640,255751.96
7853301240,455809.69
943100262,265630.25
7202430150,1066706.01
3558000120,343081.3
3890600150,541948.74
7452500315,275531.96
7173700591,616066.56
438000015,683060.05
928000020,427265.91
3830700010,438607.53
3845100640,405971.83
6675500112,385714.36
1773100920,363372.47
9485940330,446009.44
5561000600,550944.86
1786830090,707239.28
2011000020,253943.48
8024200681,382377.06
5452301810,1884410.72
5515600075,351865.65
357000135,946722.37
2541100010,694196.6
1090000036,655281.23
3459100300,475419.39
2450000295,1039162.54
162500015,439576.11
2592210290,862057.98
5101405265,524104.3
1122069019,720405.39
7501000220,860292.23
1310900140,301635.14
3298700941,249208.04
1972200382,438460.74
5100402764,427724.57
2623069069,767413.39
6372000280,577101.79
4305600240,502924.67
2767602094,571781.84
2500600289,163390.95
7203160090,905856.79
3521069146,593543.29
824059321,1813291.88
9348700610,927145.82
7228501745,533322.75
6021503656,535475.99
5437400630,638154.22
2207100740,483865.5
7202000220,416142.15
629811340,894137.66
1324079029,311635.7
418000010,196810.27
6303400290,225815.81
4139910030,1341552.41
3023039066,352251.76
8698600395,207606.27
2799800710,401445.73
7351200050,886701.51
8564860270,239302.25
2591830020,443814.53
4139420430,1622743.18
9828201725,513398.92
2420069604,270336.7
7224000315,192053.78
3861470120,2242540.34
3222069151,311338.93
3869900155,359905.69
123039346,305029.53
305010050,691593.07
2141340040,781447.03
7504021310,753420.49
2436700315,551811.44
8732750100,376291.98
3298201290,412432.62
9241900150,1217991.28
1180005220,204895.43
5540000050,292990.32
9211520400,262431.42
2623029078,519752.99
7132300695,437381.99
6430500219,413127.82
6084200100,415700.28
7140200280,266649.05
3904910610,709123.58
7625701900,462175.94
9432900560,344377.44
1388600110,264079.63
9126101201,336782.24
4224100030,397794.36
1109000390,591698.02
3336000296,263378.91
7504100590,783533.52
2025701060,265168.33
7527410080,633658.63
7304301045,314650.42
2591840050,498396.4
2767602490,406074.44
5494000040,1072991.99
2473251090,299381.99
3825500080,492230.65
2309710150,316945.02
8901001335,612597.02
1781500435,220821.37
8835220200,304770.74
4037500335,554105.38
1338300180,1695200.66
7968000120,275908.51
686050100,955426.94
1180008315,206208.83
1657300280,481394.76
7856600170,755116.67
4154303125,607248.62
3295730050,639989.93
1777500090,722838.84
203600470,781943.52
6673050020,364060.65
8731980680,277992.68
2273600260,546595.33
1000102,146870.15
4197400005,547399.73
3378100100,264125.97
7856620210,842032.19
9275700765,1133854.64
1246700136,420235.58
4239400740,167054.61
3306300630,202177.75
2524049056,1207626.82
2023049245,258885.17
3210400340,271497.81
2621760350,328990.07
526059183,440239.38
8078460050,676723.97
7504110050,730690.87
3876312840,411139.42
9268850350,325185.74
8085400490,1281162.43
2722059185,520628.1
3644100101,364402.8
1321700030,733622.08
5608000630,1490755.34
825059349,1227887.16
6083000071,235014.52
9164100105,541937.89
1425059145,465128.77
5210200184,515932.06
9477201370,439510.71
2927600630,849477.65
2619920170,416103.78
1560930450,595919.21
2896000510,611981.57
3034200067,548258.64
4025300360,371658.07
3362401295,461384.56
2391600555,389105.27
7550801170,521985.34
5347200175,271599.07
8910500471,439788.7
7199340560,490552.02
9266700175,393384.56
808300270,525812.48
2487200875,444893.88
8728100781,292514.85
5379804888,291932.68
6619510060,505719.04
5416500680,436633.9
1862400087,460536.12
2126049277,420807.06
4137000070,340510.76
8081500060,2605486.66
686800065,1164898.49
5561100180,646791.47
798000342,314306.72
5603700095,609841.06
7151700585,1475088.69
8129700565,638993.41
2782100260,690551.1
7011201106,379767.35
2423069084,628529.62
8141300300,331695.31
6601200040,292343.62
290200230,693847.8
1423900220,248808.37
7303200450,244881.33
3755100220,439390.43
796000235,193426.12
7237501040,1166313.57
7203220400,925503.55
9285800275,864833.0
2061100435,478622.5
6414100025,569625.46
5317100750,2664139.47
6145601000,482522.7
5634500775,648303.24
7375300160,640893.27
9558050360,603603.62
4151800420,520852.57
3751600146,207911.0
5302400080,667256.69
357000005,549742.95
7283900306,510018.52
3738900105,302622.28
6822100305,666256.46
7436000205,481526.54
3295730040,626962.91
1526300015,400183.55
3294700101,259613.54
8864000970,225828.51
5469502700,388620.94
8078520310,261461.4
6154900130,350086.29
8945200830,197106.11
1085623630,434247.76
4013800131,249663.82
2287000010,689057.78
546000930,685358.2
4051100390,232549.36
7203100120,753682.08
7523850150,297064.64
3826000665,285655.36
1311800560,220716.29
2877102180,507816.53
3221059044,823696.14
9169600110,599770.56
9510920040,939403.28
8813400155,785906.59
3896100130,949683.88
2568200740,798071.98
1217000340,168070.5
6430500086,416377.96
5634500234,571418.24
825049073,519068.91
2391601445,1184074.94
7881500330,467232.99
1721801591,124529.69
2473390710,335486.2
5634500891,397816.36
5515600163,538546.23
2560805630,279614.33
8078350280,692192.2
9477201060,360405.79
8827901350,768299.45
3560800040,408051.58
3034200370,525759.83
1328300040,390923.72
2483200010,662535.87
6071800480,424865.73
6200017,215711.97
8149600065,689700.76
3362400615,466764.91
7518502945,548248.18
8001210120,275481.26
8682280340,530816.09
3623500408,2519565.25
3764650070,491881.52
7937600380,373125.16
923000580,703724.58
217500005,449635.74
5419800510,264139.07
8562901250,564150.03
2212200100,110422.1
2310100240,377591.14
8582010240,740923.2
8651410670,196666.36
3330501645,300969.65
8113101232,357670.31
7849202190,338151.0
1864700300,323742.54
5231000060,297325.11
1565900070,246495.24
7555220140,792746.14
7518505160,524514.82
3322049005,698952.35
808300550,491278.16
66000265,364875.74
2880100675,406416.15
1524079156,439913.28
3625700010,1675070.72
3259400024,359671.34
3205000310,381285.36
807800190,289961.82
2783600210,518111.92
9290870040,1002049.78
2561360120,438530.16
8857100180,456062.75
4388000070,239381.85
3860900003,1050948.72
1176001119,583004.76
6084600330,263549.77
7985000100,239251.99
8026200080,340513.36
3210600010,696306.41
7558300170,559493.45
7852180340,472554.43
524069011,604818.88
3361401011,143991.12
6117502455,241771.14
5602000025,214595.95
4142450490,316438.53
5306100255,403131.11
1795900120,545217.77
1193000280,951437.1
9238480120,525618.46
3630200780,992438.58
1250201130,434355.04
7796000095,1065868.09
8635760040,597650.53
9476700135,283118.44
5249804510,515838.09
40000553,242412.75
3204300625,799366.14
2596400050,438406.8
2724069103,405206.35
3744000040,424217.93
7525100590,502599.59
3705900292,473844.64
6169900790,1787646.28
8127700735,1012070.6
3761700067,968998.59
6065300570,904629.17
4022902050,532551.73
3886902590,537054.24
4107100190,1839429.94
2909300150,797960.87
384000135,490810.33
1005000036,398191.75
8856970530,314031.37
3448900320,543460.54
6713700100,414028.28
2260300060,2189142.56
7273100026,745013.66
1277000020,1129314.6
2620069113,363218.63
4166800080,351783.78
8731902680,255553.49
2599200830,232877.82
7569500010,774568.3
1825069031,237709.62
4443801495,619714.11
7805450110,767008.77
3345700207,480175.12
1560920450,806364.35
3629950010,482633.15
3782100035,312008.01
5561400340,823363.14
1898310110,271072.73
2122039094,689867.85
631000040,606447.64
293000145,409809.64
8121100015,385970.83
3205200430,386633.96
2475900565,284257.99
1651500040,1910192.59
3955900500,387628.21
7907600100,242816.97
3123039136,320732.15
3972900735,325239.4
1424059130,491716.42
6792200282,274491.01
910000104,278208.83
3751600784,327242.75
946000295,418040.31
7749500070,380376.66
255550070,391710.41
5151600340,321492.85
5415300060,527689.26
287000110,547321.43
7585000110,191239.91
8121200460,505250.47
6891100090,776606.06
7575600100,331065.78
4240400140,595423.84
4046500510,365936.51
2944010240,1259510.03
3449820380,535839.71
7203102140,341588.65
8665900291,638833.77
1775930010,432062.52
1118001631,1273800.25
8911000445,366811.41
117000100,637407.31
9284800085,490839.35
2795000080,551773.55
123039207,373787.61
1312200080,233208.3
1236300290,1231548.49
7549800168,419484.01
6891100260,777378.92
6072000910,556975.33
3226049184,380288.15
1442880320,525386.42
23500190,664995.77
6021502070,503010.05
4168000110,199149.59
792000006,202088.5
9558200210,248660.35
3840700757,824902.82
3876311650,559071.56
1328320800,365283.79
5006000170,257249.26
7575600430,284110.55
7686202580,224170.7
2524069097,2122089.19
4292300024,380367.95
2726049071,124676.52
3526039019,727915.75
3300701365,434747.91
1274500170,230882.93
7282300095,311827.15
8562740440,848492.29
3761100045,2757225.27
2877104265,891381.67
7940710100,590718.66
6071000030,879390.1
6448000100,1704052.32
2923500230,2561931.25
6751300375,278616.97
7214810350,459787.01
1088800470,592272.74
7129300420,237743.54
6149700405,336987.21
9521100855,455104.29
1861400116,643080.21
2787460720,111930.47
6073240060,658598.58
291310100,469027.69
1247100035,1060575.19
2626069030,2741090.74
1326059085,573451.79
6447300265,3256666.09
8651401270,189147.31
3524039209,949758.14
3226069049,1097381.86
7548300425,422186.63
1438000360,505235.05
1777600900,730962.69
5244800695,541501.85
3387900390,255973.52
1954700615,1161078.71
1026049036,348134.61
1683500180,258013.38
1939130420,681217.73
2021200530,1211984.57
993002325,387185.6
2780900220,272826.21
2540800390,551099.88
2919700540,672381.04
2787250090,599552.67
8651442520,297999.03
100600860,213215.31
1437580480,1091851.24
3886902505,676895.66
173000140,456567.55
5151800045,555425.93
3010300240,549779.13
2085200261,303255.28
1839500065,262499.5
1049010300,380728.69
1328340540,321494.99
8887001625,540199.98
5332200320,718435.62
7137960030,301869.68
5468780250,405299.88
2436200715,625554.6
5137800030,361620.44
1068000520,1448570.65
5379805121,455497.25
7445000105,455959.25
7942601895,705564.52
1727850350,1221674.36
9407150310,328794.98
5569620550,862185.42
3179100480,545441.92
3624039111,268679.16
7844200050,298800.97
3304040020,414013.67
7739100155,775244.49
6099400053,198635.37
7468900270,210288.99
396100025,366032.84
1160000255,374656.98
6300000320,422506.44
6392000570,381487.58
7387500235,198640.52
1121000058,639471.96
9828702120,559084.88
7715800310,463217.32
8562740370,819802.03
5637500070,454518.3
5561400470,726225.96
1189000205,467976.38
2412100025,366759.64
1073100065,364368.05
5160300020,646758.17
2770601677,578348.62
5104450070,465408.75
820079043,397373.48
751000190,368784.08
1823049179,384636.24
7430200060,1166253.51
3331000035,534332.29
1775910370,542709.03
3626039299,601832.1
1546600125,737549.12
3260810150,353549.51
6817800330,390968.84
414100045,426574.18
1326039061,388334.19
4055700030,1387003.97
1225069038,3008321.0
2296700260,494866.48
2822049160,219499.22
3395300260,582214.66
5144000036,327836.87
809002290,813122.11
7334501410,334948.16
421049114,203341.05
2623069010,870526.07
1133000144,552242.08
705710290,339374.46
7313200120,730445.62
1269200150,299817.43
9264930970,324071.22
6819100020,2068314.18
5112800421,269287.64
7846700850,285613.41
7227501450,247065.49
5451210150,720987.54
4140900140,426799.2
3537900180,778648.43
7738500475,499094.16
3541600450,433328.12
5379800040,328290.21
6664900330,288289.78
6056100312,349456.18
7766200013,607815.84
8651720470,485714.83
5690500095,923372.69
5423010180,838208.06
3204300610,529891.51
3425059066,605370.55
7856660130,1089108.86
2954400520,1451791.66
2327000110,1174123.37
9526600340,750320.02
7695500200,481792.04
7237501180,1244972.81
2008000550,258191.84
1123059126,615174.16
1775500371,802996.98
3459900230,1652572.6
2619950310,535859.64
1771100330,367984.48
1321059097,342906.95
2420069278,265831.47
3832050570,327078.01
7132300525,479726.55
8691410700,876246.59
7967000150,358324.12
1328300810,413521.21
711000110,1215498.78
9485951460,493466.32
1771000970,319256.35
2817100900,270860.32
6817800630,412216.74
3558900450,528655.87
7215400770,423796.18
4222000320,214904.39
2791500270,274981.75
424069018,858962.5
9547205180,703585.67
5631500947,754527.83
1425059193,934232.18
567000775,442179.13
3904900610,577419.99
3649100346,441142.14
1624049228,492150.38
1559900080,404634.83
2919702040,629240.32
4013800206,216371.07
1025039292,1287874.26
2771604640,757197.84
7203600550,232185.93
1545802830,270928.26
3303910010,638682.7
8617000060,1046284.55
7889600190,254465.43
3325069064,459739.22
6300000337,581817.24
1172000150,286278.52
3348401319,380753.75
4188000490,1090924.9
7779200355,667702.28
8029900110,475540.01
4060000290,217893.48
9475710040,411964.43
798000535,253004.84
6415100410,468188.86
4299700095,334632.39
6117500955,393200.77
2421039075,222569.2
3362401935,528626.63
1545800205,305204.7
7645900235,717696.71
4141000060,1274819.87
9485800050,602534.45
2436700280,774644.39
7335400400,228430.39
9294300495,670398.06
6649300190,476397.47
7950303270,384721.71
2391601010,426959.6
8129700728,564869.28
7871500685,626787.74
1498304065,561963.48
3862710010,436625.15
9209900335,571064.68
952006857,364943.95
2322069168,613778.28
1775801090,450807.91
5700002165,525296.24
4029400080,433175.66
7796100080,761311.35
9279700150,2037631.04
3876200060,403470.35
2934800025,325288.1
9359100101,1196034.68
3330500335,331174.72
4027700466,408608.83
3204800430,458345.33
5415350770,733654.26
1443550020,579317.41
2810600022,351825.05
1238500281,503990.57
2591020140,487342.04
7137900960,252178.1
1328340630,303357.67
3529200190,341144.92
1624049291,592744.57
4083301120,570987.35
1873100060,764866.35
1773101159,276447.92
7214700350,476734.24
3856902250,636334.09
7169500130,537851.78
4038300010,482699.9
9578500810,360072.2
3345100184,360272.11
452001860,435474.49
7905200037,568369.25
9376301110,551569.41
873900240,316494.06
8682262400,251452.03
7227500910,183056.68
2392100090,491768.01
3221079050,426817.52
4307320280,349312.9
3211270170,531385.9
726059483,737173.61
424049043,694317.11
6865200140,630682.19
1155640050,466019.0
4139430250,1613616.61
818500100,195939.8
7999600180,182612.92
4099501215,786346.67
4046700140,391438.55
8857600490,200423.29
8677900120,553739.29
5379805253,222458.0
9211510410,244152.84
2337000150,273973.96
1423049029,303504.1
4036800580,513766.75
3942900010,374768.48
3438502715,391646.16
7625702441,426760.13
3905100610,477854.91
2218000335,505039.95
3034200516,427549.2
8024200625,385917.83
8564500020,388449.38
9550202700,472856.93
7518508625,635276.0
1822350070,411473.62
8921000040,758560.99
6648150090,1829747.67
2402100675,642138.89
42000127,306164.4
5100401160,499569.89
7347600507,261934.59
1839910300,312849.14
1250201550,668677.25
9460000010,290745.73
3356402232,201793.84
6819100150,665375.12
8645501330,248032.24
1556200005,909549.67
40000228,176850.39
7300410010,404291.92
4299000030,412279.25
2629600016,485110.71
662310900,388936.1
1909600046,583856.05
7893207490,231032.05
2524049318,2166708.73
924069210,779406.97
1591600527,348326.23
98000060,1682738.51
6392002020,638744.22
2719100400,454692.59
8018600655,425698.39
2141500020,516228.34
3277801580,525822.51
7237500110,1001873.96
626100023,549289.12
4319200820,392498.67
1422029138,716946.95
9517200610,345254.47
7334600280,306697.73
8820902400,532120.21
8944600060,569014.64
100100050,359307.93
8074200100,252735.46
1836980240,895735.37
6648500440,338855.07
9530100225,631665.76
2883200875,656222.42
4218400175,914178.66
1022069183,663562.14
6398000171,534358.79
5021900160,623201.37
8078410250,563293.08
7972602490,337468.01
1962200435,755652.64
7221400285,232534.94
273900030,238587.11
2708450020,457942.49
4083306616,394111.54
3034200435,539440.12
7855000550,1257499.69
871000155,640030.22
8024201714,537549.74
2625069038,1516180.66
2324800350,1072418.08
5450900010,1780252.4
1822039225,556978.51
2460700700,282661.16
6679001060,310526.15
2422059111,328732.9
1250200345,247525.14
5589300370,350226.54
2021201000,1550523.25
4302200336,257371.71
1328330290,370308.33
3438500781,383441.53
5453700020,680960.51
123039147,461248.18
8691310070,1127839.0
6450303785,352448.34
114100234,556199.82
9212900820,513093.0
4270600025,311359.13
7201600190,509888.67
521049227,641324.31
6300500479,441662.01
1432600100,216010.47
1024000109,411955.79
1430800100,325591.01
9164100125,595012.87
1925069183,511200.37
7852160080,1019984.06
5317100780,1415954.07
4083304835,536340.23
9478400080,876687.09
4463400195,212312.77
4232901525,532086.21
3845101070,403277.23
1843130980,334009.71
3810000480,331940.87
7137960440,316425.25
1231001115,368765.09
5101405340,465868.36
3723800409,670733.16
8651430370,214252.82
6135300010,292073.03
23520380,511525.16
2935400100,587042.43
6137500320,1222865.65
7841300230,322506.22
3521069051,469631.94
2621400080,310055.94
5104530240,347030.12
2022069200,501092.01
5469501850,408624.03
9206950110,345187.63
3298300210,418638.35
2810600015,400084.33
7298050090,532866.71
7202290620,521926.1
3211290370,535532.68
1591600506,366393.27
2827100070,370562.69
2482410130,389339.87
4364200125,418058.65
6388910730,521548.94
7436500120,547423.22
1822059156,633058.24
9432750190,565895.9
2205700405,513419.97
6056111370,341566.82
3205500160,391893.5
6139100076,403484.2
723069135,512326.8
4123830070,327560.6
2472920740,513095.93
6134500220,796340.08
2734100395,274404.11
3574800090,485110.71
3126049107,518973.38
669000210,1065571.32
1139000620,329805.58
3825311190,915855.85
7300400320,416199.31
9407150250,290982.07
3679400503,297588.65
641900050,270174.48
9169100130,601485.53
8091800140,362044.88
9547201155,528523.29
4154302045,315344.05
6638900265,792848.21
1423069063,502074.53
3335000025,419788.56
9269200650,279525.01
1781500180,357040.51
9211500520,248533.03
1853080150,743363.57
2767704756,505031.76
2206700295,456749.16
2557000380,302670.49
11520200,924082.73
3832710680,249158.37
2569500210,361825.35
5230300210,295876.3
6447300225,1615596.81
5035300325,1300432.16
7853301660,742055.34
5411800250,384101.42
7203210170,764998.39
4302200415,298846.56
7942100290,239378.43
3629860160,963457.82
1423069076,710957.97
525049085,569485.32
3306200230,224534.43
2193310300,491801.78
7978800621,299361.15
4027700632,452154.72
1761100190,246184.66
2749600245,503027.8
322069141,522037.11
1900000035,209133.21
3361400190,202279.01
1604602050,498611.28
9421500160,434834.57
7788400180,313160.78
1566100625,489418.85
3861500340,246839.16
2524069072,372007.36
3013300980,441790.5
4191500130,637280.88
9407150130,326034.41
3904902500,873006.91
9510900140,251517.84
3368900084,325630.45
3432501415,193151.51
4254000540,566453.66
2767603250,609353.3
2923501130,741852.26
9183703045,300014.79
5279100675,320354.31
3905080310,577991.87
2461900375,706103.03
3346300356,533444.83
1865000110,426884.69
9264930400,307586.43
3447000100,712867.81
2313900510,523262.27
7518507330,592486.29
9368700270,225187.2
1137400420,391000.53
2023069054,418592.44
2141320230,666656.88
9536601295,331524.85
2424400130,387298.24
5210200081,481665.7
4443800785,542464.79
7292700005,593624.24
9834201205,309940.64
3275800050,262600.16
6926700654,637141.72
7511000140,1618329.33
6821101895,601281.36
8964800695,1410842.75
6821100195,640918.33
1226059105,594084.68
2806300070,1504760.45
1720069029,317807.64
6384300020,516496.73
8928100125,580551.87
8562770720,603048.39
8650300130,858528.45
2126059172,403648.16
8812401450,767064.37
6646200280,664117.36
4021100045,646608.3
1155620190,414294.5
6061000010,365184.17
3362400472,353446.35
9558020240,574651.27
7309100270,578362.41
7137950210,353763.0
7849200635,266359.56
1311200460,253383.69
284000095,1332847.55
1509700050,326434.83
3438503014,278694.53
9406450090,342552.97
5096300140,435013.34
8923600020,981579.07
809001070,698365.35
2291400342,346732.38
644210020,889989.46
6700390090,272171.84
5631500285,764465.26
104560120,294114.05
6413100311,368172.98
2558700090,451624.65
1471590060,753856.04
8914100170,671423.71
5652601035,412257.63
7852120140,828213.54
6163900952,413152.25
5215200050,968203.26
6352600490,944437.27
3912000020,565961.74
8830400135,236948.14
5467500040,439864.2
9406570300,442831.98
109200390,129005.03
2025770310,803658.14
1939120450,715421.79
7524900003,2348578.09
3755000120,406348.72
2473002850,574038.9
7625703945,429848.1
9477000190,429910.01
1727500230,474844.83
7011201087,441106.8
5561300750,554610.79
3969300030,219909.68
8097000330,363445.94
2025049064,784254.19
985001321,238293.55
1775500050,416742.65
8849300160,381709.94
2316400285,561045.11
2423020180,607516.81
7128300500,542161.2
9512501400,446139.62
7200179,86525.18
5490210670,529212.76
9527000330,679648.66
1972200326,507360.04
4151800195,585999.24
4046500320,420246.8
9834200885,215677.42
8161020050,671435.88
2891000750,226815.54
3426049031,1214883.41
7387500195,304786.44
6303400395,153490.51
638100015,443207.16
4107100204,2352882.41
537000255,201353.24
985001266,290529.26
1137410040,452868.51
7229900250,298385.5
3905100840,534797.23
8100400160,720160.16
1346300150,2609226.46
1443501020,235033.8
5490700035,409797.91
1954600050,407003.39
8122100690,451867.2
3663000070,448569.71
5101406375,481271.28
426059055,591189.25
9268850160,378504.74
8731800840,265381.6
3331001910,336121.57
7603100020,917401.38
809002705,740748.69
4364200075,292925.78
1113000430,185719.66
1176001117,579027.43
3320000212,412791.49
9286000150,1577560.59
301400830,268552.36
425059024,683146.7
8835350300,510011.23
7100000135,318755.59
7696600240,223453.95
9808640320,1086243.87
3764500180,576667.17
326049060,649953.02
4017110200,507558.47
7224500300,222819.17
1560930050,549147.17
726059395,481594.51
8964800890,2718361.71
4045500620,767270.69
8562710250,934660.83
1775800710,336602.74
9528102865,786584.43
8096000060,641373.24
1591000015,250656.04
2310000430,280265.21
3902300350,655917.72
4068300280,276382.28
8732130730,257776.78
6791100410,496958.76
7660100236,397048.08
2568200070,945125.64
7697870310,269472.09
8562901100,642728.89
4016800120,295889.0
7338200180,625937.12
6791400320,289716.36
616000200,396727.49
2917200675,448428.99
2926049086,569781.93
3621059048,466834.8
7987401095,745677.56
5589900590,470306.48
855700170,615573.82
4030500130,341607.22
1755700060,375415.95
2413900050,831976.21
2489200250,471921.67
420000085,221794.31
8106300820,448867.98
8651730580,513132.64
8106300090,414424.5
9842300095,409528.34
9477000280,406709.28
2877102495,395792.93
868001030,1113813.03
8564860110,586081.4
6762700452,546772.59
3294700310,185776.7
7231501665,230412.87
7525900050,539431.37
7882600326,1130484.83
104550690,302743.52
3425059076,1201968.07
8835770170,1512272.98
2581300010,1425427.33
844000180,223144.1
7888100240,234023.51
3845100670,453891.51
4027700812,533643.78
291310390,359552.33
9550200370,647814.99
2328800130,311095.85
2372800100,236148.65
2923039264,667962.77
9282801720,295981.0
9520900230,553635.79
985000955,231993.8
1099600090,207853.9
9211010320,491639.99
3825310820,1024820.25
9545240180,619765.53
87000245,237202.95
5041300100,594836.98
3624039150,280214.7
1370804430,636719.56
722079056,474485.41
9126100815,484536.45
1770000490,340017.52
3995700250,407136.93
7214820400,403176.48
2473411130,391762.71
1824059079,795628.03
3080000030,538789.73
984200540,344140.73
524059063,1612404.44
9482700475,800181.5
8024200820,505623.56
8568700015,397579.69
1223089050,376011.81
2205500400,516102.33
1279300085,656680.06
7376300085,529063.39
322069020,529326.84
291310150,362964.82
724069059,1901221.79
5255200220,433491.39
1931300850,428966.82
4427100105,347691.33
2881700231,383061.41
8641500280,283222.96
5406500440,695747.5
8078390150,800447.87
8945300090,213125.25
8819901030,775106.25
3179100220,820110.91
2126079046,407896.72
2621750350,342470.65
4014400190,533055.28
7853420110,546377.48
2114700368,313491.57
3438501081,321319.36
6850700670,817361.68
3352402272,264656.48
4157600150,700223.33
8151600941,324634.5
5160300030,635529.9
3820350120,380592.92
7338000800,211148.69
3359500110,784852.0
8016300240,647929.91
7203120050,840706.64
3322049201,271833.84
7231502505,202387.45
8106100105,4064928.48
3895100039,793949.88
1001200035,241139.74
2724201202,228040.99
4038100110,554001.81
8827900015,588232.19
2644900109,427942.04
302000375,117560.75
1604600095,388962.43
2600040160,715406.78
2129700525,348005.15
603000555,362617.45
4083302225,883513.33
7298000090,455049.17
2484700015,556344.65
8945100320,112012.16
5112800042,464977.53
8091411100,291951.61
7375100070,498856.23
7577700061,574313.78
7923700030,506286.54
4235400186,405608.45
1498303700,787382.24
3876312350,415561.55
3797001815,404776.86
868002015,1284976.49
597000550,473110.43
8956200530,384585.25
2207100165,539044.14
7942100180,237777.1
2468800040,356128.8
9842300036,354745.45
5700003985,1725705.22
2988000070,429264.75
8857320260,591511.27
2600040130,621985.36
6632900452,546213.37
7518505910,527600.19
1672000170,658439.07
2597800010,571546.87
8562790720,807495.59
4219401080,1685652.11
7000100711,732034.22
7954000125,469025.91
5700003640,2060798.84
5700000275,671861.2
4019301205,515421.09
8943600360,285440.5
2954400400,1546856.0
1321400060,270953.07
2255500123,572269.0
2781260070,433273.16
1313000220,846982.89
1125069153,2034041.16
8899000310,248003.62
4139450360,1015854.43
5511600315,522459.96
3575302575,574286.94
3226049054,487985.71
274100090,324846.64
1545802080,251514.72
6669020500,310514.3
3307700405,586761.45
3760500407,1541241.28
7853270100,752520.73
9320350020,587864.86
7715800430,490919.87
6791400100,366802.32
7708000010,379509.21
1448800010,285000.93
1782500035,331216.73
3449500050,426259.82
2856100515,885534.47
1245000461,1057575.45
1219000043,341811.22
5409800110,405602.26
2680700010,665281.22
8143100350,418178.27
2597150270,282940.03
2966800010,328262.98
8854000010,784109.1
2207200635,456919.94
1722059222,303724.16
9358002305,363508.68
6392001950,466341.33
3630080070,401405.91
3797001702,940391.97
8127700440,708199.04
1446400785,207756.2
5016002275,870551.81
2818100060,1209442.08
6431000748,389031.81
7972600450,345440.22
8078570380,314969.86
7889601320,198304.14
1762600280,1161915.02
3026059085,1821404.79
3475000080,778315.83
1370802620,665033.19
5151600285,301445.92
2722049218,335347.69
7696300080,468545.75
4168100020,234954.69
1474000050,480333.59
2473480350,368875.89
1139600270,144635.72
6699940120,383863.03
7016100120,384983.77
6752510010,975349.47
7915100490,599577.83
984210170,309145.36
6159400030,437249.36
3013300968,353041.42
6404600006,244829.73
2770602170,451269.46
1922059401,184149.11
291300010,373472.62
3856905185,535339.66
7304300905,351967.67
3416600185,611586.58
1786810040,839689.82
4354700010,374729.88
3902100175,937546.16
4305600360,451235.46
3622069114,647766.8
4376700570,679566.99
6795100589,622200.13
3344500085,499583.23
2206500105,456108.85
8731900880,332829.07
1682000160,229091.64
5104200380,274167.9
1982201595,537186.91
795002190,212847.78
7228500375,585461.87
9412200280,452488.17
5071401000,829003.77
597000566,335567.16
8151600101,173770.66
2028700265,530136.66
1670400090,226928.7
7851980100,1258122.25
5595900345,452884.06
4046700300,414413.04
4324210120,300185.65
2616800050,651218.12
1525079069,911673.84
9828201020,557541.85
2723069146,818438.88
9468200100,554978.51
2883200961,554377.59
1137300690,656497.84
2473100280,367505.06
723049448,229482.62
3066410810,726254.36
5700003280,815918.55
9268200440,409796.74
4053200410,262475.97
1234000704,1292831.02
2473372170,513589.41
2523039239,268263.87
4324500490,194063.02
238000244,542993.25
1105000571,417299.83
1771000430,319484.78
666000142,771736.19
3389900800,442194.31
3578700017,722825.74
3629970190,905241.05
255450250,327916.92
1154100205,320657.53
3629890190,1302170.83
3905080870,589336.68
8155820110,305856.51
5135000170,779674.61
2464400435,630124.88
9482700080,530336.4
318900080,429579.27
9477001410,394831.21
825079019,915363.37
1471701200,461498.1
5606000120,917988.63
7853350220,611279.28
1776460110,548179.69
3904920980,806658.16
8087800430,639501.24
3298200320,452240.97
9122500080,294169.31
7893804845,328062.37
1370803730,660649.34
8001450170,337550.41
5561400260,787490.38
7308600010,662949.85
3524039060,293695.02
7300400150,392653.67
207700050,516924.95
5595900355,228087.75
2652500285,817083.45
6744701310,1658333.51
525069127,1813246.92
3334000050,477747.37
8682220390,836090.79
4038700380,632916.38
8073000265,382113.13
9521100960,782778.43
5634500688,1132333.15
6813600440,377068.64
1072010350,566690.87
7853301700,637164.81
5141000571,264157.21
2013802060,543177.63
7852070210,1436422.16
1402970070,351220.61
2310040020,359566.73
646910560,276733.59
6647400090,444267.65
8682231110,643869.39
4376700330,635264.49
8069000075,681444.5
7147600220,229308.26
4142450330,289768.86
5101404698,438254.22
6154500070,1053694.5
1592000640,625080.5
3756900027,747816.16
7203220130,931555.14
643300010,515604.96
8651720150,566099.94
4139400910,890868.36
5054800110,183116.46
8835200330,379985.81
7682200340,266692.79
7203600745,448522.65
1895000260,239904.3
7922750020,593481.03
5437200050,434701.47
8732160250,267065.91
1442870440,539176.27
1471700410,386642.45
3204800330,375532.68
1923000160,1197319.72
2719100013,351965.66
3814900380,394864.72
326049038,501607.43
1068000110,980686.43
8835800010,1043240.65
1560920200,503886.76
1668500090,715868.14
2597530070,969487.57
1139000035,663315.39
8032700072,471109.57
7732300390,733318.5
5130000080,544078.69
9276200890,495477.08
342000036,428068.16
5126300060,521145.22
2331300505,682326.95
8651410090,193503.61
200800330,431732.6
7520000616,348659.25
7170200110,471855.07
3021059155,210057.28
3582900280,1025908.61
7340600845,252266.38
3905040060,566333.75
3224800120,338956.23
6021503740,448867.55
2570300130,527301.9
8121100395,228565.4
3356404198,277899.64
3630090050,834608.22
923000413,454809.25
9201300020,1372406.72
1777600210,647070.34
7738500731,3615180.77
686900010,968945.92
7967000160,358762.82
3413700130,671731.14
7852190290,591186.43
1180007375,681156.66
3353404510,276888.55
7802900380,305061.53
8021700715,678471.96
3205100080,456875.5
4477000290,553740.35
1118001645,1333358.64
7979900806,350834.96
7228500415,755068.42
7212660640,321365.94
3826000735,218393.6
7714000250,439829.38
4400200057,701593.63
2487200279,602585.6
7140700690,275369.62
3304300080,602765.5
2887950110,272323.99
3760500222,877967.22
9269200786,400924.63
3734900110,268174.6
5045700400,492619.02
2140950130,426695.02
2612000200,426473.3
8563300085,446612.57
2425059173,792720.43
8091410930,313036.27
9422400035,680535.92
1112000100,758627.55
1323089056,468475.6
5015000596,938304.68
1535204165,660384.78
1438000430,492423.15
3222059130,563940.78
1982200330,579838.09
6624010010,242840.36
2303900035,4236425.28
259600620,577475.06
6072500490,516624.81
123039633,366562.43
8562780090,321945.4
5249802240,644016.77
6071200400,593332.19
826069002,350223.54
2625079030,935981.87
6742700210,1318520.96
9253900408,1733606.45
2560803085,232470.42
1237500540,237963.6
425069020,1434902.4
9185700440,2373354.4
8656300345,453407.39
4245400045,273328.83
9834201370,381833.37
7853300770,419773.75
9551201295,509261.77
898000220,237501.29
3834000720,344656.06
1245500690,845223.83
4083304190,600728.25
4178300080,856892.5
2960900045,643120.69
1446801030,264500.04
7855800910,731197.65
7853310150,558810.89
8732131090,281588.7
7967600285,551482.1
8651520510,592870.64
5379802650,263632.98
1425059174,522057.02
627300105,886411.51
3124089049,453785.47
1778350270,881250.52
8691500410,417548.63
9169600043,568982.63
100300500,317573.74
3221069054,803757.78
4443800385,293587.1
7922710450,890382.53
7880020030,788337.98
3288020050,330904.16
4136980090,694328.36
1687000240,325673.31
7812801785,247250.99
1126059144,618517.89
792500260,436189.81
3222049055,810243.31
8635750090,725744.08
2767601280,798793.07
5347200162,224064.26
7503800210,273094.33
3394100020,1200881.88
7663700783,390244.67
9454200030,407734.15
3791500050,270908.37
582000185,602248.93
3211230260,436286.75
323059103,345050.39
7297700055,372841.3
1545805460,268061.07
2341800195,299759.4
6648700150,288207.58
3860900035,1821258.88
1980200236,639376.83
1180002745,344850.7
3275890310,811280.17
6840701100,547087.63
8651402750,109668.75
1588600045,408488.43
2422029094,369263.06
1702901500,370952.34
3755100005,604380.67
3624039074,318939.86
7950302995,448255.39
5273200060,572975.1
8025700460,274703.91
280610020,1137118.45
3333002450,162340.95
7379600240,620685.3
4058802300,347278.75
302000065,207977.04
9527000180,651399.49
3626039403,364731.01
9510900360,251245.5
2310040230,365548.64
7308900490,705393.63
2206900065,509009.29
324059161,1227453.97
7345310100,248923.71
2422049107,362876.56
8146100095,641517.61
87000283,341866.96
7937600010,362969.32
2618300350,283711.72
224069102,542105.88
7129302095,208369.53
7352200025,1172379.0
6163900333,364643.37
3528960020,703083.94
1687000220,329609.06
4141400030,673849.78
1822500160,339767.28
5467910190,343485.94
9331800580,291539.27
2407000405,201143.65
5466700290,295649.24
3026059361,528164.03
1523069096,582223.55
3876312010,428839.61
8832900135,859318.92
9238900616,606688.87
4142450040,297000.62
9282800065,270359.65
5379800862,341475.95
2459950010,301756.85
4435000520,238144.74
1552800010,321237.24
7549800543,303279.57
9828200460,421041.49
6345000160,1038599.79
7129304105,328114.0
4302201005,311545.06
2450500110,743797.56
5166700050,551147.18
1085623710,421068.0
1123049129,276176.24
8566100200,979564.76
1774000780,443847.97
9492500170,743787.63
686530530,678136.23
4022907770,621800.91
6052400975,282454.74
3438502501,510405.84
3758900023,835355.15
1645000580,265611.76
8099200030,248234.33
7635801371,478102.43
3456000310,846974.0
2025059150,734761.27
2624039114,501771.53
3348401095,307034.28
6633900170,504616.76
2600000510,712313.27
9414700020,368959.27
3204800520,391256.79
1844500025,362100.12
4137010590,501387.9
8564950280,690985.88
1338800491,867535.86
4058801702,1064525.13
461004720,563004.68
3123059107,652864.11
6819100380,532228.31
1193000390,1084799.71
3450300270,319593.27
3110800040,277177.85
1437910090,563857.96
3645500050,445714.78
4338800600,290695.82
2114700530,370111.68
6381500450,337259.53
9206950200,339890.11
4232900940,797240.53
1025049174,1044760.0
7774200070,707915.43
1231000310,500080.88
8155870200,312154.44
7935000625,1106495.14
2426049079,365177.56
4037500230,548512.81
2331550120,334787.21
7974200765,514536.58
686200510,625395.93
4024100670,493947.05
3834500195,498573.72
3526059115,640216.41
7950304075,394996.54
1386800054,338677.06
9834200165,518159.36
6147650300,389310.53
6891800360,677698.54
9170500060,573729.12
65000260,936916.02
7784400130,560962.71
7941140070,389161.31
2122049096,200643.61
6003000851,287897.71
7203220050,1009334.14
8898700960,296315.12
5245600105,235152.18
3530470190,195119.88
7883603965,281550.3
4022902505,573263.69
3211100240,339239.2
5119010090,504762.6
3821000100,250538.69
7301300050,428530.54
2171400197,442906.73
9471201175,1440768.5
2473450200,449185.72
2258500045,411342.58
1139000400,480342.29
3298701025,220908.34
1498302774,368768.61
9276200190,600679.56
2909300240,792165.73
1250200693,586670.25
3101500010,346873.28
2557000630,282018.97
1324300091,376364.84
2826049260,444692.39
3342100421,631710.34
3524049083,380122.81
9103000393,1551006.86
3121059033,252115.1
7853240200,610822.41
7950700120,265774.69
1822059057,164280.46
1219000473,149942.8
9272201385,741609.63
1336800185,1150458.82
9268851630,445385.04
2788400315,252073.5
3529000930,635925.2
5631500967,498090.39
2188201010,254614.72
8562970040,823942.05
4415600030,345952.55
2473251170,314149.39
7511200020,579124.63
1163400020,254009.12
5412400180,255777.81
255450400,357197.18
1687000210,325954.2
6749700004,294607.01
2738650030,567924.95
9136100420,704713.84
1924069115,1066585.97
714000155,613389.74
904000045,729578.86
3395070640,295426.58
6308000010,353804.35
2695600130,367587.43
3626039279,389960.07
1623089039,287974.6
3438501327,337311.32
8118600025,394900.12
7625703435,847653.58
1807900300,627169.82
1862900360,307478.21
2768100186,520607.74
2524059269,898145.86
1126059108,1043718.32
7856610130,894734.76
7203000200,250791.37
3630120700,344059.02
1612500090,243957.33
3586500620,985551.5
5207200360,395657.07
6675500035,460017.71
1781500385,361428.74
1150900080,1018870.89
9541600355,841678.13
7525530670,945260.85
844000375,320282.22
9578140180,341665.86
9558041130,375005.16
1788800910,196629.23
9550200225,506188.53
8643200055,268116.3
6143000020,307050.97
8941100095,1236676.42
3630010020,452325.08
2895800610,333848.89
822039084,749153.84
5423600080,591665.29
3992700775,397958.28
3816700150,486904.89
4083302485,654262.77
5127000810,380838.0
1725059182,1525630.31
9485930120,425478.41
293850040,581022.67
8731981940,342845.48
3330501545,289219.73
1026069061,941931.29
8121200710,552453.31
3764390100,497584.28
9493200010,344222.46
2902201301,599625.29
3444120130,461088.09
5256500025,482551.69
4022902715,556415.75
871001500,694456.83
2329700440,198586.88
1773100275,240744.52
7852160070,1161932.75
2141330560,689528.45
2505500009,702132.46
8647800150,378174.95
4337000200,280129.46
9264901680,271207.97
1773101050,313752.68
9320990120,335480.12
8856960280,317486.53
5589300585,341644.68
7935000595,955832.5
7203150080,759936.74
5616000030,326346.42
825059178,3480367.63
6666830390,775837.66
8732900840,749612.66
2095800520,502397.36
1771000760,332938.91
1901600090,154337.89
8857600680,226417.88
4038700830,621271.0
8956200070,369455.39
8081500050,2185246.15
567000755,481324.53
424069264,790724.85
1564000410,914249.28
2817100910,365758.22
3303960080,950328.95
3340401535,145121.58
1622059095,276088.28
3278601940,406559.2
7202380120,536674.85
745500010,826256.25
6608500220,420945.14
8024201055,352435.56
8929000140,473983.84
859000160,332412.57
8673400061,440779.64
1269200229,1067727.86
6705850300,787858.46
3395040550,133694.74
1697000370,195711.59
5245600120,285331.63
8892900180,246060.49
1794500360,738592.27
2025049192,538598.62
1930301325,1009846.36
4217402162,1245457.32
8126300410,599440.61
3345700215,656055.97
2887701420,420334.58
2887701251,385586.0
4036100175,705360.66
6762700515,1163569.46
3192000085,217025.56
226059096,1440885.3
9238900855,444942.67
6706200130,339872.28
2744000010,301569.56
7202271060,820241.53
7923200150,619761.98
162500030,348075.52
2571910210,275446.32
1523059105,387399.08
6052401215,257621.7
6626100260,780488.48
8925100115,1179757.9
5459500165,877305.17
7686202635,208931.67
1118001370,1170233.16
122029066,492751.05
8039900130,356892.09
3262300235,1144209.95
8860500300,318041.71
8956000250,555538.23
1646501920,507398.76
9284801500,462760.32
1442880380,515675.28
1311500020,262380.62
254000695,330315.51
9477101280,446158.77
9510970530,777684.42
6891800500,683505.77
9407000230,325985.91
7202340590,865414.65
8151600590,320176.25
9407001600,311169.74
1771000690,321663.36
1525069134,1330524.73
8645540040,290192.53
9414500200,443618.61
7883607645,194171.69
3845100140,364939.77
2726049164,419087.74
4340610040,327058.36
1245003006,967340.31
1105000373,242759.77
6083000123,233457.31
1777600450,667940.47
9558000100,469935.25
2473002060,371094.23
943100689,321933.12
7544800395,433182.27
1931300090,598793.26
7936000252,507206.2
7987400316,259584.82
5152700060,648255.01
1721801025,215019.8
3438501450,350702.15
9222400510,404930.92
1796700160,294252.37
323059208,314114.94
3392100050,211275.38
4038500210,798441.2
6324000090,479081.91
7549802535,422537.87
3343900326,518068.44
5701700640,851909.07
5249803185,517193.69
8838900032,877942.94
1237500577,826704.73
8642600090,294503.63
3303100075,516125.95
2133020020,415772.44
7950302890,504683.18
2770601734,630218.63
2538410140,387671.1
8159600360,604991.94
917000300,422472.59
2391600330,394155.14
9285800585,524304.77
2005950050,257094.75
6450301835,375034.48
2473480520,361449.08
2818600010,1269360.65
952006728,352647.38
3422049088,284404.41
3629870420,1217111.13
1079350090,337189.1
1509500060,402167.67
4039000050,573545.86
5288200230,690547.15
626400020,738005.76
5457300095,1520239.06
5000500055,242052.14
324000530,282438.15
6713100031,456881.16
3316500200,587203.13
3124059006,1441043.33
1125079111,1813426.77
7852020300,498067.59
123039364,245607.07
7883603190,308285.96
9828700900,557051.82
6821100015,676009.91
9522100375,734294.04
2420069201,264447.33
7504110330,787026.39
475000510,543337.72
2425059074,1003286.18
7518503685,436763.83
5466400550,240082.59
7852150720,437319.42
3066400140,651973.75
3298400470,630572.13
2902200874,730240.15
9500900110,239341.45
8835200160,328809.72
6056100295,289056.49
1858600042,376069.91
7224500010,271968.42
5457801925,738714.14
7575620750,282442.62
2391600735,514337.39
6192400180,976852.84
5249803870,518271.05
3575302880,388553.13
7225000045,216823.86
5561720180,277253.73
1972200428,521026.95
892000025,172325.64
2944510080,297892.76
2428100100,742762.64
6647400250,466096.34
121059038,439283.17
6398000191,633211.0
526059103,299897.5
8856960720,318777.78
3832500260,239173.05
1623089025,523445.45
3625710080,1170863.88
6446200060,865129.14
5706200370,477761.95
5515600088,228467.42
8029500360,354287.33
6700390150,263892.32
642500080,451973.22
6150700264,368941.33
2473371780,430663.42
3905120540,666986.93
2652501215,683520.11
3176100110,657847.19
7574910650,798783.93
6385800030,296154.65
4443800960,543083.36
8731951490,286727.72
3380900125,403672.02
9828701508,589749.92
6699950310,381626.22
3321049112,347759.64
1824079052,1182696.96
8032700140,788401.88
8679600150,560059.33
5040800120,981770.99
2026059119,403824.12
4024100951,509226.8
7212650990,322430.88
936000060,374663.06
6181500340,333624.5
1137400050,425074.45
3324079092,423380.09
4268200055,290716.62
6145602240,396389.01
475000176,456158.01
3279000120,252469.03
9392200030,260483.29
3438500714,381181.37
4306500070,405589.88
8588000610,209325.16
792500190,367563.95
2461900850,470576.56
2660500365,354766.09
5451210100,743950.09
2787000040,303895.1
3278602670,225105.18
9528100899,684265.59
1324079085,334742.19
9477001140,388273.83
9521100880,746570.57
7853210060,427807.79
1326069094,497730.46
3420069065,400960.95
5468730280,296206.34
5437600140,350940.7
5127000410,388319.01
5445300050,578226.19
3375300360,250994.51
9297800165,583676.79
6021500840,607612.41
4323700230,473418.7
643000110,249449.38
8043700105,2179765.83
6824100014,458593.24
9542830480,340143.36
736100065,999504.36
2592210510,966707.66
4233600260,1159942.08
1266200015,679051.31
2787700060,338297.76
8843900396,432899.38
8029500380,286277.43
5292200010,452627.58
1773100980,331872.5
2886200070,619167.67
8594400110,356344.87
9268850180,320405.64
4141800285,1710602.71
3188100007,483042.05
1796380960,279436.52
7202330030,539281.18
8078440140,595877.15
7983200060,213655.17
4427100025,371288.57
2113700510,294800.37
6446200305,716838.24
3425079088,665708.98
3304040130,357724.55
3222069153,306050.26
5127000470,402616.27
7525100520,504685.58
1868902745,884107.55
2920700220,366854.09
1105000780,396145.64
8563080020,939019.92
3630090110,840972.87
856000195,1507499.58
8649401000,234700.5
1315300095,842139.0
6802200670,266790.98
1523069022,407653.67
2624049165,428766.82
1972202080,582473.46
7211340030,303172.86
8850000180,377792.49
2787250080,605685.27
4235401055,494236.84
5226500250,503216.85
3294700421,288136.95
322069180,850134.1
1025059186,529261.22
1923039022,692229.83
1402600110,419686.08
6817810190,424747.44
434000030,598004.58
6056110460,561437.44
4337000285,271466.48
5710610250,741593.36
1049010620,242513.11
5112800234,371360.46
2309000060,469348.52
2985800030,462802.25
1604601570,385783.52
1563102435,740870.92
257000105,213616.26
6788201440,763858.93
1442300005,453652.2
4055700784,925987.36
3889100029,841613.12
4139450760,1120151.18
6079500230,657807.04
259601010,478476.91
3980300020,237307.71
9390700100,543539.85
7200001005,509211.75
9264920250,279619.66
8682260470,489365.64
4083303815,782041.96
7383450250,353105.39
253600180,477765.14
1450000210,192072.46
1133000100,416565.03
7511000050,1289574.0
5710600030,526811.33
4178300310,815928.66
3041700570,580008.98
1238500978,432795.76
431500155,629221.72
2937300050,989049.41
1352300315,208833.66
3277800823,377060.37
8895800110,1047954.22
9274200318,605527.02
1118001805,1885453.33
629810720,1046785.57
6852700476,626818.83
7345200650,246194.29
8929000290,468593.57
5506500170,716843.03
8899000140,248485.4
4006000423,293126.15
7137910140,272186.38
2423020010,426560.34
40000362,192367.97
1657000070,236080.65
2124700015,269133.59
1887500045,278280.21
6838000170,482985.39
1310910290,314510.91
3599600276,213062.65
8142000080,404456.97
8856971000,296552.02
624100950,773143.94
2767704332,512601.95
405100165,435454.14
6117501755,385315.08
8961950410,314303.12
1523550480,667755.77
6840701160,587517.93
3331500650,301507.45
1862400517,372551.27
9558021000,402303.46
1310800090,218582.17
5104511040,355579.69
522059189,240999.96
3448720020,393852.66
1310700330,273680.7
5649600462,318658.32
1853000510,1109175.51
8128700005,369675.67
6352600210,1074731.96
3754500010,808196.67
1962200475,870764.37
1773100765,245880.81
8895800200,972751.26
1310900260,332224.95
809001525,953932.89
2624049103,320750.2
9191200380,610258.78
6600060120,463601.81
8150100045,294867.57
9558010190,406591.38
4038700930,609948.08
2883200775,645079.57
4036800910,558660.1
8673400177,623141.34
7110000068,755341.38
3279000240,232697.33
9545230280,602537.33
8815400105,531745.32
6738700075,918174.24
8732030490,293972.16
9532000070,541079.59
7752400075,610827.07
3824100051,418398.87
2768000270,526772.14
108000127,610985.53
844000225,281117.26
6817850040,1035327.44
4447300137,1196015.29
8598900125,397518.27
5072410070,445099.7
7129300520,254216.08
3830210020,202485.91
4137040250,330211.25
3022079080,745211.91
722039087,137726.25
3924500040,721330.73
2473381090,335515.32
2201500490,435661.42
9265410090,229201.13
9286750100,438284.73
2023700040,696991.38
324000280,663883.06
3814800280,412848.58
7697100030,470897.55
8731900790,301302.21
8044700010,594365.19
6123600100,232482.61
1450100390,102813.65
579000550,466254.61
2459000020,307695.87
5016000315,480556.73
1193000190,911225.32
4038700730,592824.84
1556200265,784367.13
6600410170,225225.0
642800130,718691.22
1043000100,366829.6
7809200055,238938.92
7010700308,887689.75
8680500090,542113.64
2719100355,679913.16
7905200147,567658.0
271200130,238489.29
326049103,624061.36
8682211030,496249.31
1070000390,918476.39
8648700450,720279.67
2695600410,533335.97
8562710640,928482.8
1525200060,680718.97
1822039138,810891.1
2767601375,596198.31
3425069117,1184289.51
952004570,393986.78
7625702616,329283.87
9818700430,415476.75
2822059091,278298.53
1775900220,348516.96
6371000079,694648.26
293760150,893390.99
1336800880,1439632.63
2771600550,1241391.14
3905040040,566099.94
7787110060,505936.6
7708250040,365443.03
4022901316,602108.81
191100235,955153.63
7852050220,347246.63
3293700480,441456.94
2597450620,1465474.04
6169900580,1362039.57
2767602855,825641.07
810000080,851613.39
6392000625,432995.17
1865810290,183575.03
1568100380,362733.66
5249804760,398132.14
1337801060,839448.82
6181410950,262750.46
9264900660,316483.49
9122001231,572750.56
4427100030,372228.45
7334400070,314127.82
425079001,709271.7
7436500360,521539.99
1245001295,671628.01
1310500550,306762.09
4047200950,233273.48
9103000455,799241.13
2291400341,348562.17
3876100310,391340.75
7131300031,272058.17
7853380510,605148.9
7409700215,304786.18
5248800250,399951.96
126039323,444674.57
6632300207,397321.19
3826501060,277288.9
8024202520,414503.95
3343901401,552046.72
6431000005,519819.91
9232900075,350567.73
3056700150,244993.46
5104511250,483350.33
3658700510,660362.1
2895110062,337671.8
7454000990,246930.98
4038700680,629904.38
7811220070,604358.76
8091670030,359166.1
3438503045,282397.11
6388900710,524574.85
7956300020,188170.88
1775930440,487519.62
1762600190,952793.66
6600400260,224649.23
8728550150,690562.95
8155500110,658976.8
9169600135,439688.89
1777600490,781883.12
125059179,685529.47
7558700030,4434573.07
1702900624,340154.39
3343901403,502381.07
5101400994,321797.14
5547500050,300251.22
1705400350,360804.37
629810800,1127521.75
4104900150,600857.74
7888000390,111465.05
4140900270,430103.57
6649900030,417190.0
820000012,471802.87
6151800080,296583.13
7454001060,249475.08
8682262330,486248.28
1566100010,380617.24
1180500070,477894.56
1112630130,352560.62
3101500090,377102.08
8682310220,749533.31
4032500035,493989.92
1623800440,470101.55
1088400190,276054.05
751000080,381948.82
6675500070,445215.18
2193340140,582102.52
522049074,368863.22
3204500340,260434.35
5104200470,491156.83
7517500611,763596.73
2946002140,288210.06
7631800110,966080.96
3529300330,319298.97
3885801970,530149.3
5456000570,1359883.73
4123810090,357330.06
4037000635,570909.49
8079030350,474012.77
1726069060,668905.59
6858700225,238386.74
3356406510,232919.58
5423030040,723616.85
3111300040,494007.35
259800060,519289.74
1972202320,441105.11
5100403818,346622.29
1422700040,235109.12
3625049014,3223387.83
7852011040,619727.7
1201500010,700025.03
7195800009,307907.81
9407001320,280345.67
9508850100,794407.35
1328340380,308843.01
3885804305,790171.54
7128300630,710141.42
7574000080,386811.36
3744000150,433024.07
2607720150,561126.97
7203190110,756810.89
3904902430,785932.08
11501160,921408.41
9209900315,538344.42
9465910030,590773.87
3622069103,730261.04
3288301010,485993.77
4395600060,750758.78
7694200380,332701.5
9552700550,749007.39
9264921110,300296.18
6738700225,949164.15
293620220,872154.78
7525300310,669820.99
3992700036,375721.11
3577300040,504447.87
3812400202,257081.27
2402100055,680631.98
1853080790,737611.02
1994200260,651455.4
1339300025,801632.73
7616200050,584954.56
4022902555,767046.08
9528102110,702667.68
6613001241,1524011.8
3205400240,354732.6
6065300840,1313520.82
7852040080,527666.11
1920079039,285546.68
2817910030,460047.55
1563102880,788580.85
8561200110,581603.66
629000605,1334627.01
2781270440,242301.81
6152900273,344641.6
3303950130,389513.3
6411600113,338747.8
4055700167,876697.96
291310310,622926.85
9523100550,853734.14
724069070,1000451.34
2408800120,377934.83
7559600200,691649.13
8165500790,398116.95
7856620870,901613.81
1588600040,358027.97
1023059246,483563.81
1938000140,804585.29
6061400160,367080.52
4167300350,265216.13
8649400790,208455.0
173000036,388465.69
225039049,580776.69
8043700300,2530000.73
3834000400,377945.29
4054530260,2015284.82
8724300010,715119.61
9358002232,396642.75
3298700012,226659.85
1125059071,1012080.25
3885805300,473334.73
5315100784,1293798.01
3861400030,801639.61
7202340010,789699.19
7272001805,335860.74
2781250230,334979.15
1042700300,810973.85
123039279,206525.69
3760500336,1516736.0
6979940100,827420.92
686300880,760522.55
5214500690,476226.67
6021502250,638503.04
1320069223,312350.69
2871000300,992781.26
2724069117,433578.63
1159400220,842438.62
2571900380,291728.67
5528600050,370039.32
7686202730,172003.66
2225059118,995152.01
2558630350,442217.09
3655400060,417349.18
9558200080,311039.79
1796100015,600546.1
3378900020,509577.56
5416500040,325533.88
8856004582,220360.42
3812400107,380999.29
6126601445,522010.23
2997800021,480160.46
1211000280,352311.56
766800090,265512.99
3224079005,270058.41
619000100,347300.94
4319200620,416390.27
626059335,626119.81
3340401570,278891.01
7015200800,664265.58
8106300510,527044.5
1446110020,471720.99
2872900280,643604.18
8965500320,847987.51
7853300070,503575.47
5652601455,708282.12
7579200915,1237973.25
2641400160,383061.78
203900460,480991.39
2998800040,587188.01
7519000170,563807.42
923000425,694411.8
2973800030,213194.97
6430500182,862543.17
7304301010,378669.02
3861470110,2403239.16
2296500136,584948.42
6790950150,729331.9
8123100045,550701.64
3142600130,583031.44
7137970130,357947.06
8656800190,447510.89
7135300046,265424.38
3629960680,491984.73
1133000385,723964.74
1085621960,319862.2
9542802000,220252.43
8151600973,541371.73
7019000050,412892.68
6021501920,640679.99
7399300420,231047.25
7548300731,586603.67
5316100220,982423.8
5152600090,331819.97
1703400470,367097.68
7316400070,308724.34
5561300380,551969.86
2215450100,341105.55
8635750330,694597.25
9492500140,739949.44
5315100393,762630.26
8588000315,238827.06
7524200180,246826.21
4235400255,411044.16
326069131,746853.28
4077800026,764087.71
9477000120,374724.88
5608000590,1211619.38
4137050130,321239.39
5249801440,245933.95
9264901510,281451.24
5437820250,209468.95
200500410,527845.29
9407111100,316274.1
126039252,426113.1
6141100255,429907.96
3013300830,398117.71
3271300955,471484.56
3021059276,282766.85
9542000050,743034.7
2769600035,835134.51
3824100364,529493.45
1726069202,364122.46
7327500270,355418.32
1189000207,469255.87
2472950160,296174.42
9558040050,640725.82
3438503120,404242.19
9407150240,277003.18
1370804295,713140.48
5700001100,588584.03
6837820030,426151.3
5411600210,654604.16
5061300030,215228.04
525069133,1147480.59
2121000250,396584.88
3179100720,582712.93
2780700050,542931.63
1545805820,267806.32
5702380630,265857.58
9211010260,505288.54
7129300595,281869.2
6802200100,243650.65
3304030140,417828.27
2623039019,924586.95
104500730,225112.69
2924069132,702670.36
1775500310,676482.0
8114000040,321338.36
2011400021,408088.16
7525570020,760197.69
2917200615,438606.7
7697000170,303201.2
7871500070,810383.95
7215722010,564028.99
6300000378,538567.8
7159200005,2582081.37
8946410040,409298.76
3893100327,375604.31
635000009,884428.01
2322069116,450091.37
2760200050,381641.87
3432500210,337856.37
5700000245,541162.67
7588700177,311999.09
9178600135,623388.61
9830200475,459567.82
8562780160,328731.96
9826701665,619763.76
7504010900,711854.88
2770606915,514264.8
1254200075,618053.25
2473450430,460054.13
1433290010,463751.27
7586200061,412184.11
6841700070,494135.51
9826701320,492480.45
8943600720,291964.14
6791900260,720651.39
2301400640,693734.66
7979900210,383216.34
4037200665,479151.82
984000650,293279.1
2937300060,931037.35
8731982190,259234.51
1445200190,291603.5
952003285,882610.54
1402970020,413400.55
2487700274,455242.76
8113101670,431604.57
8682300400,710840.01
809002435,716708.37
4045900147,579179.31
2991000400,302963.32
9456200405,192223.83
5104510370,300360.33
9414610240,523283.23
2111010760,392914.01
1854900430,855380.38
2624300080,1048191.11
3645100280,522773.96
1433100010,251166.68
9533600100,1148705.79
6743700030,496068.56
9294300070,602703.99
2114700540,302315.37
7853280550,640625.62
868000175,659908.19
1446401290,233007.33
9109000050,321439.5
8856004327,291069.22
2329800110,287198.7
3031200230,413079.76
7582700075,1373996.56
2422049104,73463.35
9274202885,559517.47
1770000090,411555.25
9500900430,239772.09
7305900082,392590.02
3336000170,329499.37
5680000455,690123.16
9808630210,1019195.48
8807810110,517410.27
3824100211,502613.97
3423059153,621913.0
3937900120,447120.99
524059323,917440.75
4305600250,536483.98
1257201375,547868.2
853600150,1710379.22
2424059174,1412244.09
5205000400,306112.72
2658000115,228387.91
3055800020,299581.35
357000025,635694.78
5666300010,337932.42
4167700210,259858.52
9187200275,700097.13
2960900040,441763.96
1021049022,263938.63
7750500120,238396.97
7153200160,1397425.19
4406000390,265711.83
629800380,1631482.54
2026049125,293296.16
6117502230,1872354.86
3379100130,507569.11
2472920140,483997.03
7214720075,569482.06
1771110070,326107.49
5127001600,350635.27
6666860210,347097.31
5467200055,331798.45
7819000040,389687.56
3790700070,305293.49
6362900138,323252.01
597000593,326373.81
8032700070,623192.45
9301300215,940426.05
8902500118,408313.56
6607000095,360551.2
2163900081,806619.7
7732500270,639371.35
3856903515,614265.49
2557000400,293118.6
4386700135,1980477.25
7399000360,303986.41
