id,predicted_price
2591820310,366434.37298222084
7974200820,867871.7833391123
7701450110,1277945.1581867742
9522300010,1702844.9097048072
9510861140,772065.2071215815
1761300310,251031.32583512817
7732410120,820023.7140551333
7010701383,577709.1857466266
291310170,453478.33830999635
4232901990,474973.93888526916
6840701125,614734.6096210891
3971700580,371154.5351772924
4202400078,238330.32668158817
6064800090,334087.13375589636
2626119028,234360.7948343114
3303980660,1085107.8293968781
862000020,707900.2180225836
2386000070,1175103.1724864275
1138000450,364184.0209151112
1775800420,484299.8915711649
2291401425,437205.9927620694
2025770560,841979.7493477373
3525069037,782839.0570661811
9324800450,544377.0192402902
8080400136,528922.2538538392
8651540040,533058.3738428641
9407001790,262267.5846466063
1773101530,230296.104780163
9432900250,335189.29375323106
1794500695,559582.0626566396
2220069003,362422.05845013115
923000120,446360.0833736729
5728000060,544406.3255476408
16000200,233482.99912139616
1926059094,411757.52739626094
6672900220,979181.9434257977
3629860060,838055.2149746595
1822069109,446656.87986946665
6675500105,347701.81636629236
249000180,1747968.4925040577
226059065,523028.54999981436
396100110,264789.7058784835
9264450460,347712.484267477
7853361210,355012.5800887898
9474700020,263507.65978939674
421000455,237405.16111419434
3755200220,396774.69424083
7960100075,446099.70674274134
9477100490,393433.8510466633
9138100350,812992.3340310589
1624049275,383175.5057802889
2770606890,472126.5070065984
1157200189,404715.38567535864
2770601800,481332.7937362773
9301300805,514239.70451211487
2325069032,1148775.9347200694
1021079099,342075.6146014438
7215730040,793470.3007599753
1853200080,393487.5227551711
3224600340,715550.986702786
3222049120,413437.7714030687
2113700025,265647.60363805696
7893207925,208227.11844562672
3586501085,512900.4017286942
8024200010,368276.03132123494
7116500705,167554.86323535134
1598600209,332832.94454558997
7204200025,870727.5255477936
4206901505,472277.5615525325
2937300440,980012.7677565226
7205000180,326995.3593906041
8718500665,366502.5879847821
5318101765,831183.0784058584
4122700020,938579.1425838224
8078700020,506286.82043562556
3303980680,981282.6603009402
8924100372,1219743.187882826
2781270210,199820.17175850022
519000043,546718.4297411056
3225069301,1697155.3217088818
151000075,767134.9042599185
2297400020,432985.43190726015
6617500085,629362.3424147302
104510180,244526.825964716
3528900060,933968.3427246903
3345100286,572824.3276949418
1226039130,442783.4784858438
8712100720,761297.2140917485
3037200010,376233.4664412493
3626039268,428297.4762679172
104510230,245467.2906396845
5112800060,425350.4788195279
6072400280,649306.7368440239
5317100570,1094484.9796060475
9528102993,515137.5854605325
2919201095,472761.1359516298
6181400920,253289.01810349856
185000161,253391.39261730917
8691400010,788571.6331235619
3345700165,600437.6983253622
6151800486,232335.64681517362
4340000080,1180889.3938085753
4136960010,560519.5312208037
3634100030,338604.3182676906
1624059224,1320961.7198882867
2788400090,268090.6251862286
9828200762,433920.5168985707
7524400250,717973.6118524659
3528000290,793470.3007599753
5700003630,1713684.5126904226
2720069019,290912.42461620516
7227501170,245320.34348533952
2397101270,604582.6678303815
6792100090,772813.9351634261
2770602265,512457.6019252523
3971700937,299203.1561245874
422049203,230189.954392712
3076500830,296776.36895312584
1423400260,277161.0714840544
9161100795,431424.8204884809
3126049052,445900.32378421177
5100401468,338783.14675604046
514500235,445028.7909007704
1423200170,194631.11326976598
1402100070,411634.2486972119
624110020,743507.3375187718
2407000145,220948.46042793326
1890000225,738551.7502901672
1320069271,328338.8298345777
5490700085,368919.92347063083
263000155,475622.8318585104
3726800201,409168.3091140342
5153200358,275340.20097619755
2725079018,820460.0694297346
7165700200,247833.52359629847
9429000170,559488.5866836314
8718500075,371857.39218013675
1760650950,299501.4600422768
1068000559,1143507.4010213362
4113800500,709444.9103273739
4077800507,527082.8424982976
2725069150,771401.9212600227
4008400035,668636.3247499024
7016310270,423934.40620083245
1432701230,226440.45554722977
3278606050,338021.0710286263
2473350710,393351.09749682184
2185000685,176240.8857454116
7792000025,368862.6522895339
6868200029,434549.1537765564
624069003,827147.8619192205
7431500280,973067.5283222301
3296000040,615183.318778462
1118001215,1710281.0064288715
6453900040,674495.0282573069
333100209,756016.0864766855
34001765,578692.3768895866
8946700100,433539.3021014698
5561401210,605382.9975728355
6671900095,389346.1902325661
3275850020,730113.7965620109
3876300600,406518.76986775256
1450900020,261370.78684072112
8562780280,332994.3856163079
7663700973,311349.6469454187
2126049032,351246.5088410096
1823059159,208988.88905221428
3438503426,240658.32060549423
9297301495,534076.0850111041
7140700850,378294.54903357325
7942601805,800101.6866339761
2555900030,346464.60987016856
2887970040,263544.1061391796
7419700010,713249.7433047855
2239000011,352035.82100586453
9283800050,342382.5529044502
9407001340,267789.88346791535
217500140,528047.2774251422
7212660520,247472.94116374027
3298201170,345365.0533904486
3057000400,284285.18943243613
6865200444,465284.7356204157
6071600340,495248.0476357273
6821600005,679998.7114740456
1235100371,776971.0040205186
7796450340,360487.1010643258
3603000410,177574.56375702005
9297300255,523080.33985241834
9126100850,524829.4569962084
2770601462,481424.1848900934
2599001500,216952.6125404979
1102000095,750158.234538944
1853080640,1029195.8108073991
9551201585,1130446.9355779586
3438500796,325577.34985279967
7518504291,467927.1123937731
9269200340,407609.39265976945
715010130,1703664.7671360155
1982201485,605205.7233604927
9526500080,392489.0619464247
9277200180,392407.36021900276
6669150280,278864.2770867088
8917100153,614218.316174838
3760500516,874826.8713416043
2725069050,1012635.531454829
3332000091,319533.4913203103
8562770080,573662.5952806664
8151601190,258031.12298402988
8563040160,614003.5659957271
240000269,730621.9636832282
4307350200,327557.47343487316
1311910300,270167.6415220077
3574900030,499531.90368565335
7853230570,432318.3930079449
320069049,376216.5989373987
9839301060,630624.5614376236
7011201333,597398.808068183
2781320100,276857.11861775944
3421069120,435225.92056918185
7852030320,461627.8719069649
5316101075,2586643.186406037
5309100750,487170.31045946566
629000730,693792.2048231299
511700170,310353.8044558869
1562100030,564196.7633454122
2489200230,597398.6961855988
524069116,489673.6481688363
5315100737,988803.7269908218
1868900675,868528.7438266115
1608000120,349133.3686725791
705700240,348607.2587647302
7575600610,272241.84176852973
1778500015,699902.554047056
5423500240,204529.58876853276
6713700025,333303.4389186283
2734100734,275808.4648281184
301402280,207598.51288364874
2113700205,273677.52534260333
4114601570,2899621.7590060597
3332000615,529041.6768800662
3630050180,341460.5584987216
6852700520,499131.5935525603
6870310010,700530.9448455654
6163900981,311937.2268007127
393000142,389141.41840704635
1771100130,342500.43962315767
1442860160,391478.7706920589
9191200435,518623.15351389535
6788200800,1001985.9446138255
1115300070,730623.469714107
3176600105,726740.976121268
2770604665,540161.174735369
5469500580,407619.3576254608
5680000545,433312.4809061347
3424089119,570734.6536353582
1328300180,338778.74806067557
1773100922,341688.65083578526
4123830480,335130.0327225353
9808610190,1036880.6119566588
4250200140,260852.26453874283
4217402115,3152892.69205623
3831250350,378762.0264139102
2397101055,791683.6882193742
6817850110,881296.2576030839
7526800200,617544.8583295745
7853370100,659129.15592431
2523089025,1098961.6459280872
9476200680,236441.21465834742
5714200140,406325.5386201408
3575304895,555015.983365951
263000018,425322.5394658134
8080400177,451548.902359921
6450304130,327434.6498715221
514500090,640688.0469738604
9477000300,459939.8547710562
853600310,1619735.1054429135
1951600240,200901.2979817392
1099900120,337714.6440431107
5323100120,500347.784901936
1223089016,462437.6005604019
522059172,257867.95628630425
1930300190,672041.9136771769
9542840410,306443.5345968917
8665050530,447687.7678459295
5592900205,398466.8778649781
5450300010,674478.817845007
2459960030,334691.1410831863
3331500455,532482.7470773946
3432500705,416449.24357409286
3702900165,330168.88223753346
5249803550,600994.1324313229
626049058,426025.93305117456
1788900380,207889.1517643986
8075400360,216540.8255228592
9113200250,725626.5616026424
2738640040,676525.0126442091
7821200307,441838.78481233085
3530440140,238960.6700512669
3582700130,442122.3924679639
9276200569,688313.292823598
7197800020,612655.1064775768
686200490,568060.5273429609
3501600100,381039.5793240528
6383000690,578738.3939693625
7604400150,363849.5112300181
5249801411,715780.5977345448
2607720420,450330.08318601665
9561100010,386020.96306105144
1796370590,254610.10894571565
4077800593,351674.42453648837
854000165,236776.03945418526
5536100010,650711.9882763486
4188000670,900117.7812366146
31000165,1242474.0829807098
662350050,1025486.0977720578
4137000280,259568.77273758117
6169901130,1118603.6432576834
1953400510,241039.12909719624
7518506716,1057843.431198452
1552520010,355356.14019239385
7955080270,310553.26591014967
9212900100,494615.94050550065
3438500798,325577.34985279967
7899800890,225147.60945584325
4319200605,439551.39512576524
1329300480,371501.5293827794
8935100100,761830.8316797647
5016001260,407838.19866184914
4337600280,275232.52716604644
1446401220,199475.61819738382
7135521530,686212.9108609951
6888900115,261783.13998039896
2413301070,284214.76205471
345700040,288601.77756159677
5566100145,468565.6636111878
7634800070,372541.5040078165
9346910500,616177.0100227812
3529300060,317552.15563572204
8128600060,1036699.9207257841
8572900275,212071.43820963165
4139420590,1424160.169689634
9274200322,582179.7894940499
1472700200,558556.7588369187
8820903380,537964.9464474942
8563010130,937993.3688709257
8965450110,855419.4395583874
9274204230,448379.20994514565
8165501700,354915.0504361155
2193340260,530072.1394126908
1860600290,828879.1178187052
1222000055,195316.1074818931
2492200280,436665.11730211327
2488200455,354849.29058832466
809001520,1229174.8479352556
1796361140,233328.71162042764
6398000011,665947.4995663827
6813600365,555711.1993652503
7504100920,869863.4906014641
8835770330,685347.0697464554
524059322,959136.7188546743
4307330280,392903.4640762321
1245002952,1095725.6974504085
2021069059,266581.9256957503
5700000595,598055.7474667822
3629970930,775527.0288427965
3336002215,241429.3090976826
5100401060,671589.8042690031
3278600750,295194.9581672008
1126069045,1348382.6494704492
7568700175,317283.9286875451
452001475,467726.3023806961
9283800230,498927.74156199914
1737300130,543751.1073658658
6189600040,523128.12514150137
3679400025,498861.0667856434
1096100010,315628.9610149551
9513900050,245959.62782935463
5452800645,734724.8718558231
273800100,233799.30513580644
7228500037,434039.991195428
808300090,469497.0702424298
2493200215,498427.09191430727
5035300255,675554.1095558109
3380900160,370529.48385221837
3630000130,422099.0869276538
7300400670,280656.08956478594
6798100070,328517.6039505844
8078400010,561393.8062288851
5566100060,530151.8380337803
2768200212,468187.6395236544
4035900060,543753.0889303832
9460000110,335606.4725242844
7199320190,562500.9454058921
2225039081,437004.6404800867
9512200050,616313.4829984582
2634500085,304574.49874264735
3654800200,287029.18051239516
2724079090,1247178.999596101
2597520720,778212.9993247329
3034200426,342930.01001330704
984000130,284436.8015969499
7852020670,440582.52009564283
7923500060,795010.6198408009
2310030510,289105.91654230346
2205500540,522626.5128387061
2493200015,399646.3186104321
7853361420,579923.5299681121
5652600605,498610.42576686153
5285200020,311727.7149884827
9406530150,369777.5049047023
5706300020,433639.36692861293
3278602490,396060.8984677605
7197000100,558182.3592436056
4447300008,509415.9371540535
7899800045,234738.32698819658
9250900095,327549.82023937034
9268851740,614134.5489348987
8682261440,477970.340826776
7284900385,681490.92593872
8079040300,447902.994227439
2225300585,393029.78260576306
3223039013,420892.5392311551
2013801350,254204.16722703975
4055701110,752555.4489375277
3578401770,433945.69286125683
4046500720,527756.3849058863
6145601745,379291.4725113554
5207200195,601156.6772148331
1972201856,571688.9436828529
7212680080,249286.81683258907
7277100510,541372.4512907927
522079022,578770.0272471459
5605000440,785806.2579851574
6632300230,326890.82494881377
8815400165,604276.224748406
6708200320,513499.38002613763
2426059076,677763.2497004123
3260200200,580587.1953301799
2770601741,454175.0405462008
4338800500,243415.71521616064
9201000320,835270.2710016291
7655900038,322240.6346283651
3625059140,533904.379070282
4222310010,232567.94543973863
2114700115,316766.6064812592
3291800710,366970.7969429912
9406590010,399807.3393610469
3025059124,2751855.004557362
7972601250,407894.9600962221
930000470,830686.2285752486
6690500060,486404.2384546405
16000015,198291.8225040875
5693501102,517637.9013609418
8079040490,449731.14736941084
7225000155,369490.49904284877
8819900170,794786.4043401764
7972601270,318650.51782410324
1224069074,833151.9770166945
5126900321,373161.88247140707
3438501860,262565.24122693617
2822069080,445844.3469487209
1656600310,578060.1388977334
3856900507,1206110.798093704
1626069139,500907.54840238724
2524049257,1256400.9430723223
3904960150,527743.4490485961
7214820610,459767.39816260204
7977201845,576576.572948055
2428100080,890030.0879312822
2202500135,443497.43015763833
1523550220,676564.1949178469
2313900610,412165.55323908635
4123840050,380933.7079524597
2125059124,1093617.8875677004
1225039067,450039.48725204455
6431500283,445170.1653852093
2473380010,298290.56296098285
5694501195,380079.0047976034
2881700046,347087.9085545096
6837820330,331195.6661733663
2337300370,210608.95200657824
3876540630,230756.09525503335
626059317,331845.69247662794
3374500520,377002.730714298
7228501903,388948.34123222093
4019300051,476987.1233839897
4232902615,504390.7414388436
3546000090,254356.56781561175
8127700215,715919.4205844081
3438501100,342445.20742770634
1769600066,611309.0335791816
8146100610,619404.9580549474
3052700695,516575.8851056422
7954310210,637510.8404644028
3761700053,1995568.0697739483
1320069179,372553.93320810277
1331900410,845864.628166061
7303100210,361982.4569472061
2464400285,421073.75199509447
6163901150,335363.7529641615
8955800045,322987.1925175269
2314300200,426347.0456671195
9528104360,341868.0809380445
4177100005,629699.8118178674
8856960260,315813.1577671258
1828001220,659880.1167655974
3066400710,714584.1502407214
624110610,835968.0225950258
4040800260,416101.3637141557
5019500215,466608.60245631647
2481630180,963878.3813114159
7203170190,694321.25924176
510001280,911997.2927656382
9430110120,777230.0714285595
1565950030,336866.12428767665
9828202255,843970.9222724148
3878900270,471978.2482177427
8091600080,230063.53047002727
1112000035,303858.6621539278
2228900270,375088.8400194307
6648701740,286614.7518575392
1245003740,653236.0778659742
2174503441,544119.0906182444
7708250010,324868.89013127564
6072300110,571391.6833002601
2329800140,252312.4643517538
1494300040,543724.9375671638
3832050130,275061.8179044809
7203100730,884245.9983336551
7199330170,472494.9184859181
7785000220,654655.0326821749
1250201175,392253.2007170148
4054500180,1061265.4500291597
7905200061,438005.4939973099
3751604895,184458.35931080356
5220300140,288818.48118992266
3323059027,486997.5115084386
8651611980,912402.8477157383
8673400190,505449.4344349418
1668500100,845787.8512786605
1023059365,560848.1632167046
3308030060,336393.2395379557
4232400860,899262.7873670086
2144800615,240120.6964065884
1568100920,1636244.8335520688
9406510040,501246.26789505995
2923049421,343186.890234655
1051000040,1708450.099135124
2077700042,740531.457065279
9423800030,238570.08057620944
9818700455,722781.6693734331
7133300675,341694.9644235267
4113800550,675826.0112099634
5553300375,1708615.4416436127
2025701530,276414.7885612243
7942601155,447642.2776780119
7524300020,278412.93748495175
2520069100,312795.73998430563
5412300410,230915.3234618228
7504110760,747279.5453161978
2594200350,391248.62455783243
2722059013,188432.4965033438
8078430480,543556.7537499893
1423069162,555571.4825374126
8856001090,184030.9341416229
7000100631,728059.1781082597
4222200280,239127.35584830493
7971300050,636750.3600331608
2009001600,223467.3337501059
6619910140,715785.9136256257
2877100985,473166.1406536431
1196000007,352027.1751414811
1330850130,824888.7736027774
6664900410,266651.60760732484
1231001110,312294.35740781086
9235900030,263599.4117972096
9407101840,335806.1818926548
9523103001,385727.21659144975
2149800278,328469.4852045531
7234601198,628154.7729761838
9476700035,439953.5434291321
9297301065,620218.6873107237
518500700,768617.1516603191
7843500090,336289.5203118505
6056110780,283926.55040240986
2345700260,361578.47613548685
3509600070,244623.93034041216
1431700280,368475.0740095268
1623049174,281609.184852814
3024089049,322130.9844148171
7853340450,410237.7354462048
7732410360,795332.8102204736
1446800995,335513.11199373304
2946000285,239760.24985670822
425079100,464718.95922112616
3876313040,454109.594760697
1762600260,1281129.2808687275
1925069121,1075424.12122208
7443000480,864563.5807913698
7820000015,344666.72963875683
4027701253,468766.17906608357
2826049165,357311.6267405006
5426300060,980578.1619281126
1278000210,122566.03084822785
923000270,339970.6355440826
7657600005,240669.4766552727
3024079057,405840.2585453297
3276180020,323592.97832285194
7304300760,296408.60930212017
3908100020,515849.9577814195
8835400805,632311.896738716
4051150070,211572.63098250728
3904930530,447835.39957842376
6163900971,382622.3746411758
7942600310,441378.0134293969
4365700330,276515.30158125435
423059207,283088.14851777226
3992700265,337366.5333705825
7177300090,437265.4380256281
2540820010,696158.6009377419
5700002510,943373.2617201116
5201000030,589379.1848917871
7631800015,1798190.568340319
2922702965,674189.0315519508
1525059198,1028796.608303338
1245003160,667141.3419805769
3810000455,297744.3114290066
7855600080,613537.8053801566
5701500030,1139659.3153870138
7504020400,640219.4598272087
1402600570,318082.6147350019
7575610760,277978.3952524202
8731990370,374461.77345946396
5021900090,789031.063144963
290000075,427765.2946457396
2841500010,441548.39313367463
3955900830,460205.8008413324
7852110140,526786.217988621
1311400350,249635.7550897976
7773800015,531596.2846276741
4123400320,544847.1904664523
2725069157,934272.1995036184
666000143,757793.1648217501
5101408678,466362.1277567481
6371000026,352231.652459424
2024059084,710681.4471544325
7283900036,320336.80507664004
8881900230,805012.7489188176
3959400135,349021.2873676289
7696610270,222089.31611841507
1689400150,892746.8465037998
5103900015,449596.69231966126
1441000350,444005.0342130357
5101408735,309164.92173682444
3126059027,1748137.3029895423
2320069014,514359.13019416487
9541600015,738881.3339799036
8682320420,723577.1496630018
1562200090,655504.4093538648
3395070980,495894.1153120102
7349600230,233316.5731701483
522049122,317354.2642704793
869700060,271915.9248859273
811000055,1161192.8494615024
1221059176,398074.16375853063
1523059103,448856.6569691009
2025760210,718333.73096083
9218400088,377739.04787212476
8682292020,435952.6302763428
2623089135,454663.0605965238
3758900259,1187577.9867555161
524069049,563754.2237257826
3121500150,880563.9286867334
5581400080,824750.3302703142
8087800020,468114.6760400925
4070700290,729424.2604746758
3296000170,652748.4079563656
9238500040,535547.1528947105
2744600040,349509.2855353699
6813600380,629447.8028076148
6140100150,461716.0056043887
2201500555,454266.3847788317
2600110250,626923.2790988691
4337000275,173268.6468622015
1186000150,494759.7062359377
1972201963,528645.5454516202
1105000745,360381.1912289203
2887700560,513112.84685391077
4039700080,736855.0078021085
522049104,307524.415213164
4202400078,238330.32668158817
7520000695,224733.1598657524
7714000310,394173.2512947801
4319200060,644744.8958014919
8624700015,615203.8626199235
5104520610,302804.29319547187
2354300845,255639.37519045797
3824100291,455504.3817830996
6151800612,252086.91058693273
5454200080,895768.1439085896
6413600290,318980.66223756125
2131200065,298165.1346691569
1459920010,261872.31008427302
50300090,436872.4180119904
2326300090,574715.7345508881
7714000070,394173.2512947801
3630180500,1070306.0040635203
1727850340,1272369.0344087484
8691430330,990348.6059131288
2310030390,254237.11007717485
5561400610,513347.7064593782
7010701016,473651.6514119167
7883605915,246574.42122420543
1282300995,317548.82746488915
4040700310,494498.34860396275
3353400435,244603.4536781941
2143701015,489740.90163549787
255450020,393674.02770613425
1020069017,304296.9662064174
4038200120,524805.0886716458
9284801100,243887.07461605532
1965200075,565918.9944348307
847100047,569645.7594727144
4038700720,566477.6796599622
6815100085,807270.2186145096
2508000020,299812.4345001925
255520180,765143.5274722666
6822100750,547038.6978811679
869700050,337726.1698582465
1775801405,631484.3392189727
6600400090,230229.58700819852
7202330270,448860.7479524211
1683400165,728176.5612035256
2625069070,1009171.2586066347
7625702440,424331.9937852872
3388000640,231315.25061249806
1899400365,267514.81774166133
6899990200,752415.4410891569
5569700020,934839.8506504848
986000045,287082.13164412696
3293700221,276616.4884106565
3764800250,353435.45170842134
2291400566,332931.9610565794
4219401236,1280180.0007835366
4239400840,156053.72752657425
7211400990,197472.4231127728
7696500280,191415.98321569964
7215721070,517990.23734609195
3204850140,372282.0990028683
4322200220,635312.4875254942
2566300100,1101170.2887627115
1944900090,459193.72939202073
6648500390,282333.9171134819
7385300020,745590.8093718649
1704900135,326676.28268347925
2877100655,727546.4238360452
2726079098,658025.5190108846
7625703800,467996.38750246406
318300040,513514.3462105409
7922800190,553178.7431562692
2023049361,195177.3178365621
8946400210,471083.8761338997
6071600450,547277.5161789176
4343800100,390685.4168015726
1443300140,363842.9595984576
1024039001,766563.2926365944
2767704860,520373.5487580095
7234600851,712309.6351168917
644200065,877593.8178330084
7784400035,809630.7423497052
3826000560,246948.1883144539
9272202260,360145.98075255746
263000253,429210.7388613559
3621059043,611490.4206427182
240000130,503851.03532859933
1352300120,218689.43476784698
7849200861,295449.4755346792
2487700130,489330.1506059744
1796100140,282591.81514863943
7234601221,512984.0593765748
8651710190,453962.48697456525
2916200091,532066.719565707
1232000915,486272.42938475363
1545801970,271109.37994805124
3211200420,323703.18985117803
7686204675,204900.61416381173
3141600210,179783.0986904404
3959401284,515599.0903379407
2113700825,268636.7972776107
3876000710,394996.8668299606
522069022,540871.7280884435
3214200070,358780.8684873574
1221039156,281229.1571287121
259600790,449382.97104638716
785000040,512423.8826685911
8138870470,529988.8634393514
2596300035,310622.16409614007
540100057,1744327.4213657319
3073500045,506854.475707692
5363200266,404338.99483093346
8682261650,501745.3270860637
3224510080,857205.927577467
3211270160,440299.6448640617
9269200520,226989.85748196358
293810190,456504.78634629707
4197400043,302820.5146422726
3026079031,355073.18776955764
5332200405,897077.5790394946
2473411210,329441.9884205912
9268200315,510089.464303783
8123500050,612927.6462652456
3221069091,486317.4232318677
2485000165,587351.7246617652
4058800215,557417.0168527613
1926059039,857152.3940453746
2533300680,947460.3435057857
3343903640,287049.2609158744
5700003705,1010459.1154830477
2023049372,425004.5860188933
4058800830,574006.3753503371
3333002302,391984.0086935256
2944500340,286438.5464571864
1982200790,505158.1289308998
8929000270,502168.3274481746
8122101440,273814.52426433755
7525530470,848535.3983171212
9332800020,695923.2980329891
3878900525,234085.56464168456
5420300210,254578.08362632047
9232900165,326278.60855091916
6414100026,376238.0116689563
3013300660,732417.2778311706
7954300120,608512.5502645352
1081200360,345913.6008164951
2877102345,448894.3006446122
2202500255,443800.57814736204
7984400050,226292.32371412995
9558020380,453729.81507249887
7812801850,205686.4288712894
8944460020,382569.02977180324
2306400040,514725.1863197513
8649400410,332492.4557213743
7889602020,238267.52424990214
2041000025,485443.45011845767
871001484,582014.0414570944
2767602141,533700.7549817997
3630180470,811298.1194420374
2769602140,453695.6286222281
2473250280,334579.02725517924
5422560660,530103.6041480866
3756600240,378388.44104213757
8651600160,808432.1145527062
7202300540,907091.3284272922
8961950250,453820.75216365524
3303000130,433624.39079482475
798000062,273213.0511064639
1695900150,770199.5736758644
1604730150,552122.8331576172
4136930310,367608.67878106254
8835401250,1166211.1217677773
8665900328,390116.0595515812
9262800255,269587.8259457692
1853080570,899258.4455977469
5556300114,851263.9274376063
9517200290,462305.3482816894
4037200295,508916.1880290956
7417100123,373379.84635025176
2620069077,245392.11930073702
7922720040,658805.6673401245
558100090,533660.9997701191
257000037,292418.4935753775
3319500385,474882.26186596404
9297301520,309590.91070555133
3580900090,359703.6856493261
1321039076,179240.8439068428
7227801581,317194.3886851669
9407001620,317983.7048102684
2130400150,323616.8052715512
2312400200,240984.69084002444
4046700210,357145.7410082291
1193000480,924920.7529288667
1492800296,478552.94768563035
3013300017,419449.4597425842
3630240140,608058.202256626
1049010390,341776.7660687116
9320900420,175082.98705479116
4315700060,347871.74575738114
2591010290,295769.2854326784
323089085,723778.0152997246
6600400270,221381.50395837313
2919701105,465065.02523879
7202360670,960497.661138063
8927600100,798172.5572032759
3211700045,654479.1809895184
4027701326,475028.6468428794
1601600195,264786.4178048492
7853280350,709945.9983075756
3629970130,726227.4470260738
7203120020,867311.1353437817
9542900190,363919.47944034205
8035350120,544465.7751666928
1238501184,1023449.1126673801
251200240,473889.01242227835
8945300200,196137.6531647891
2162000160,1124463.2148638337
5466310060,152306.00896966783
1239400064,866976.9628633655
5205000020,333502.5120799742
1720800305,512853.59515733016
7280300375,507088.6834048103
2095800400,460829.0481795519
7852010950,510071.3299839004
1428001160,589857.1807863665
9528104910,718679.7410381931
8644210470,868888.6367617538
7923300310,564232.4875672414
254000100,592912.4823217149
1931300688,471731.99712321843
7007700030,402000.0936054107
422049178,230787.4407363162
422069067,490697.45109762496
2923049393,388341.7525935984
930000305,432976.81953866547
2461900448,506085.570171452
2610100020,275690.3702394081
2895550050,245349.732300294
7701700040,283031.1182216298
2460900020,495746.3010585428
9827700105,607166.9947576819
1005000240,277339.3764962062
7200001254,527092.7184459465
866400040,562048.6980643795
305000170,678681.6854530341
2260800110,985574.083481431
3442000127,733391.9822266436
5253300437,448484.9023552277
7576700150,898862.4872050328
5469501410,459767.0480073952
5104531120,764639.856419602
723049434,364489.7791820673
622069006,1529247.3079580988
2517101200,311194.4536085391
8159620160,234017.056858149
5561300640,444859.4686991856
3317010130,227333.05284831405
4364200250,379918.829266942
8732300060,765388.6529358447
5603700025,788536.5167145409
3585900190,807706.1013430539
3996900575,271190.06017426075
8731801260,234269.57173214538
3810000860,332212.18735878996
5700003585,2160562.6468557846
6332000050,434944.33755048166
9286100250,450899.1697151416
9471201110,938747.4478088523
9290800050,534600.1894235276
7300200400,679474.7757208904
526069024,1073861.9173875009
1454600156,1092559.1873150014
3904980360,500627.0384599794
2626119062,268876.32098088856
8651730290,440176.63272979745
7611200195,702942.1606730896
1919800260,545053.2288376691
6632900354,265709.41492545424
3972900195,321295.87872226635
5151600170,279475.6878544477
7016000440,481385.49510844494
871000435,775731.8435805272
9578060540,518160.4365777831
2332700060,914869.2305049401
766000240,301284.3366634357
4363700200,310372.3478531972
7100000250,336527.9771625793
2781250560,232962.81166300536
2781250100,362678.5963030125
5419800220,253373.04730936643
7147600245,253456.31850467782
2926069083,1078132.9840348156
6189200125,865481.7212575083
9542830160,284259.71171161585
5152200020,261883.9629451715
9412900045,453644.6929451933
6600410480,186849.9509178799
6979970080,567005.6686469051
5636010280,270420.588110533
1732801300,935352.4810789748
5561401530,475870.53491680254
9578500510,367192.2399665907
7304300906,314485.46575541527
1223089077,714417.5865879953
721049207,266880.40350231796
8691330310,918329.1420257594
1523069204,513049.5390755418
3188100105,601336.2694782692
6608500290,397191.7130181355
2891400410,351486.23218275455
7663700551,321843.3641843872
5413200140,247993.424665771
425069139,610399.9060701523
6713700155,349109.8529535901
2767603505,449379.99680553697
7789000080,292223.7644651835
9211500620,231994.47996766423
3750604417,193331.54489885454
7922800320,553474.6176709012
1471620240,364415.41108240956
2222059052,366980.1295444777
9551200270,1072995.0749299512
2767603160,463165.42399521323
9406710060,388399.31093803747
8929000250,347965.7484921603
5538300120,416132.85703111975
2223069120,458923.9804779951
1652500060,1754956.7704818519
8564500240,422056.2678902307
3629700120,596573.4801899431
3943600070,399874.6581108769
4171200025,282970.092262672
2425049063,3164166.5920202257
9828701650,341874.24923418515
3581000340,344802.1718541208
8100900015,386394.6075599344
2125059161,1238828.3508776217
304000380,206932.79872783666
8146200070,1626522.0871073867
686530170,613242.2368334081
2917200645,429393.9542235671
9547200530,812632.2319247293
2122059199,435343.5898682741
1150000740,711460.6587904247
5706200060,351719.0278212137
9265410010,230851.39042421215
4083800555,466885.9809049928
6152900332,359718.920523364
2520900301,228341.53352881552
9828200790,436087.73958584847
1657530180,278008.87655575573
7471900045,253446.4280306669
9828200460,403442.36628899677
1775900140,460148.2681683534
6139800430,462694.1079905032
7214400005,439038.91382466257
5332200026,495541.22049219155
9510970300,844828.4923530864
2540830020,423262.20702328946
3392100140,188719.65945799786
1326069191,348874.7251742543
2125059112,1126074.4664866184
859000022,354343.9317248109
8854100350,704634.28645604
121059007,203153.86947857268
7977201707,486651.1592334759
3859900060,2912576.0379340686
8815400735,731958.3092958829
705700530,341057.84294597735
6600780130,367397.43253042543
6378500105,388573.75669280504
8143000310,484493.9301687206
2877102330,672545.2415900225
3526039074,573660.6378154526
2115510300,244914.99919334977
3024059014,1930731.320186497
2141330360,618326.6551764581
546000400,484591.00273817097
2071500011,429727.80905278487
7972000240,233056.92383171374
7016200460,479033.7478000694
6204200180,448723.553715846
1552100135,1202902.9919507124
88000173,461902.74737701565
2581900235,700196.0997967087
9211500560,231263.59272680932
621069218,459935.94905069785
1321970240,286942.4258842162
798000630,343723.6244788368
421000285,253939.67053455152
2824600180,879115.1287039787
3832051140,336941.8014899817
1237500105,785214.0842235654
8802400906,260225.71844738204
3166900270,414191.42955399456
3682000060,412159.7624264899
5469700020,290880.2670995886
1245001820,576448.5487684206
9547205660,501696.5790275676
7974700122,720144.3647611279
7550801225,493518.0960244711
1099950050,790075.3520215765
1402900460,347437.16644699767
7636800041,1330408.086749017
2115720270,241259.48285782678
8651441750,187200.04368782317
3904100035,263434.68148158584
8815400020,622179.5413004133
3303860590,470019.4044629711
5427110040,1262345.3867539463
1782000160,335057.0246115472
6204420290,486136.0611589768
3995700245,275237.1877381446
7955040130,452033.34616716986
1442880650,527966.4709114896
8833510230,871636.3574629282
7283900551,441069.37902661663
4396000180,246722.55551004494
7504021310,741089.0870092072
322059264,253443.15950696415
3654800040,276255.46444344264
2767704777,488470.8984717007
3278602190,346731.1354264322
3236500220,513644.342226203
3410600100,277449.4299550935
629410180,765132.2952981911
3352402250,129022.19304942354
4363700304,345157.0721353854
7237550130,1258179.9817547365
9808590210,1358864.2936458122
8074200175,267101.78592328285
3463400330,429564.2744159007
6306400140,978985.974336818
8564950250,540145.0932213193
5381000070,208564.12427308704
9826700697,457936.57240130886
8132700190,407981.2906946953
7943000020,176651.43038435307
9547204675,487604.1481897177
4112100101,485492.5263220412
727500030,683513.9330523501
114101426,367685.7134210261
9274202005,653628.0602688679
1193000380,798772.4685802888
3039000020,481475.183304105
7852170130,686321.3942677806
2624079010,652953.6282505757
4137010540,269106.18791073305
7576200012,1021311.1927079175
1138020020,333826.03255865216
3969300030,207687.13278398608
898000200,185799.9119296158
5153100030,320421.31733793276
5104532030,524882.727697415
4406000050,231148.82875829504
9274203390,501003.05415787693
8682290360,429896.76223706815
6928600330,258384.1446251239
4139680070,914972.9323541921
6844702690,427410.56052207417
2154970020,1907137.0777962704
4385701285,1162274.1728223455
2426059071,640537.827629119
2867300160,511966.8096964463
9512500720,540932.8579280279
1773101020,316392.7554952179
8687800100,280371.75981081167
3627800050,1819255.8928225646
1604600227,279153.5556330582
3300701170,407692.0163379177
9250900111,478682.8040607017
7015200790,631223.7302417831
1311100490,249995.37423487022
2469000010,788157.0752010802
1982201596,510347.653692144
1862700290,337887.20221472206
2586800270,232258.02422494665
9528102772,460746.55108290794
5490210200,431608.7702253025
6669080020,444749.7089368383
179003055,194381.0473219297
1860600535,977968.6444446871
1592000130,631508.4256167349
3905040170,542217.0199583669
9320500080,256802.50994245932
9276200850,427960.1984688336
224069114,628303.1222489044
2260000340,567255.2730600757
5096300130,395391.81240164617
3432500215,351956.8936921214
2600000050,717209.692965126
8856003839,234171.1727539388
2492200435,350157.9445495403
7855900110,1134535.6496466375
6806100250,325078.3654258794
2770603523,483434.3996942276
1370800515,1716847.8281599502
2726049150,450736.4089856583
1226059161,696269.4603386857
1068000375,2918587.9049544656
9528104109,453414.37147367443
5126310060,518661.8629426976
1951820070,571682.9027448508
1545805980,377911.5670042716
9464700340,1165333.4646060914
4319200675,830913.4076775972
7518500885,483351.05194015143
7852020620,462543.758834951
869700370,346331.89842578064
8643000190,256681.23776508655
8902000267,590475.3265464769
7972602435,256825.81098037283
2050100210,969910.4048622177
6705120540,500509.678433935
2767601390,574916.3868763085
4141000490,1165838.1153225745
9345400350,684598.2872225173
3222079162,333824.34805298154
7789000120,256728.06715109793
6646200770,762303.9940867012
6666800180,904112.106311788
1725800280,458530.4074112561
6117500460,1164065.0480225913
5470100220,227504.8516368493
5457300478,430459.76664418034
7550800195,508473.57113334053
7787050180,585129.9249895673
6204430250,525849.7034470114
7640400250,481238.6485000188
624110920,842990.8426497866
3629920140,360215.28655567736
7173700518,612654.1431692465
3210200395,236409.7710713271
2473480560,394429.4185732706
2623089141,478420.3936108651
1423800080,217635.13851431935
2076400050,318873.5969318998
3832060120,303298.2540687241
7702600930,423490.93105997884
5101404555,420585.05691452883
3723800415,393544.4998268216
3356403400,235624.27450555874
9214400125,503178.4873608273
1797500530,479096.57711632235
9551201660,952622.988707553
3878900815,367151.0932568191
1760650280,326561.0310116905
5466410030,231497.66775909998
6388930620,648941.9081538001
2331300395,722288.2997439089
9412700160,279736.73396523023
871001611,634054.3784357907
3142600120,487302.9168477514
3995700220,331515.45385353273
2310000280,277356.0312746007
8039900400,378697.43986562884
7504021510,754722.2696602421
1959700445,1619905.8962397003
1556200155,548284.8839816687
3629960590,368438.0116872884
259000240,434263.87373246264
662440020,422702.4141836619
3123049142,514398.074861675
321100260,806014.2816187202
6840701095,517044.00535323686
3738900165,421395.8723979166
4427100130,372861.60394859326
9238500100,489037.82087336405
6145601810,378375.51698418293
2570300090,388781.2415478665
4017600010,470564.1613847654
1005000220,372907.37170585705
1257202120,488870.59915726923
9527000490,487119.80206468306
8691400080,682960.9603101377
1726069084,441138.68288642855
248000240,185563.56215334704
6113400046,351839.17821746686
2130702350,400849.35736355203
920069052,241171.2978697005
6071300160,551719.3040369931
1623049041,142019.96165588696
9268200285,341405.249558441
1843100520,373166.2766851926
2887700826,565823.56677235
9122000385,591623.1023222621
9475700220,395821.6866704228
2804600005,786040.0997185422
2896400300,421562.0930276295
5015000180,756884.253130285
3630220180,832779.2409721358
8832900780,748370.9954292704
1568100300,679871.0270030248
8718500610,388972.86745329364
4147200140,1138420.2152063982
1973700030,1088989.3394313427
8862000075,211264.87494268554
9320990110,309644.4628548221
1151100035,437812.83386346826
2011000010,234359.6594561297
1651500060,909714.856948226
446000190,689868.6605793687
2344300220,874464.2671629025
523049195,201512.8081107904
9191200015,632975.7732271393
7942601410,743197.59713242
7137800300,214097.5163312
7853300280,522579.73127615656
6654700240,334613.77638003003
569000050,646485.7029420168
3584000180,234493.8306648911
2026079055,336969.15126953454
8898700880,275774.6517535324
5075400150,617766.278962221
8731981360,350468.4688585051
4222500020,224750.25110883682
7996720050,517237.685172768
4077800094,599724.7236684446
6446200365,674859.7156403508
2824089053,572013.6669921927
1311800220,230777.6262245836
3522049063,617576.0199416272
1721801280,190374.93040951554
6131600240,189769.0290730443
7202310040,616393.4054727555
1123059125,562483.4076096768
646910160,237889.1111216605
5630500005,345285.5164249709
3342100785,248276.33729497893
9547205610,587105.3803903558
1773100123,271628.26227047824
3353400092,309481.7568982947
217500015,356365.66956490226
3649100031,439914.7414469846
7896300150,275041.86000975524
623049185,251937.27674339633
1773100430,317612.1538509518
1781500220,656190.4572928475
3395380200,232073.62845212998
2424059170,2875513.5719196196
4389200765,1734374.743187086
1543000060,511501.0451756798
6154900005,612470.1275800157
2902200240,471202.02544923435
1442880640,539240.672016833
8562770490,556895.5160371982
2768300655,572231.4387079398
3432501315,310246.158503888
5035300570,674710.4478268677
3626039028,367011.9591521909
3876540780,231255.4306121304
327000100,1088502.1942243294
7551300065,406704.97758585314
1312920060,245831.24110521786
2215901230,257591.6078349387
6306800010,447054.00051754265
2767700022,454676.78774586425
5589900610,543429.8642414694
4320200020,657598.137205198
5249804655,666507.7932800774
9238500480,524121.53211150545
3885806565,1112645.3805613169
7905200205,454510.2079106071
5727500102,317909.6317186508
3585220070,388400.1183645577
2078500210,601906.1576032211
1839920050,389173.00866652717
534000080,332817.63245230244
856000255,466577.98154197045
4141010110,1657972.622104955
9558040820,639443.2888165908
7768700315,1130967.3486680817
2796100640,263962.921905507
1922059010,200459.88210106717
3448000542,273301.1022102002
3883100220,296977.4224109643
7237301210,266235.6039132597
3893100456,1024202.3562073936
9578501110,369860.5593417324
6145601995,428793.47285339294
4024100120,298907.1267419202
8899000050,367850.6702764279
3396820010,570582.839402172
6749700117,336630.734670773
1954400060,522836.9430932664
3303970100,767989.6225850849
2540850070,463885.11676256784
3797000745,480822.97815896064
7883603700,255987.4020465418
3438501452,349999.38244005176
3530210260,754243.284320342
3598600049,167277.5206542751
731500170,349437.65262601315
7129304375,172029.30668042225
263000006,425322.5394658134
7212660560,328558.1040292251
1112700010,422435.65806236496
3420069060,716104.5372056639
2473000470,439065.13596804097
8691390980,742924.5040878756
6184700100,435392.1237528795
4476400275,386468.3088285073
2968801240,277770.88188029354
1529300160,454449.313695051
7640400070,658115.4456469505
7016100380,459058.9580427618
2172000890,422932.0231810865
4035900015,735254.8291457271
9528104660,1049892.7914857494
507100005,348924.8733056822
2783100160,390093.23293918755
3629921140,869917.6448447631
1099750610,232616.5530388098
1330300451,1258464.0595514483
2757000030,892996.7971718528
2114700190,332928.69826559693
2050000020,1028076.3506500634
3832500790,270546.24604663544
2612000390,338624.29397846427
1483300430,415655.1182346988
8899200720,279904.96034638496
9183700470,309440.7755048638
3530490031,180369.75183195027
7857001225,329805.06710689055
7920100083,422212.7400831352
2254501620,437246.050381782
3303000130,433624.39079482475
3876200070,425847.05069679295
369000365,361123.7253850487
3052700385,694334.0492828881
7856550240,755155.7334557804
7300410110,378914.89034661057
7201800300,421751.2849520354
1695900060,493103.13888208306
9429500146,861700.7118666846
3629910240,714697.6961623097
8805400090,260230.31785023093
1022069050,259556.72481098323
1138010530,365735.41495703906
7877400266,175802.01925471466
7974200452,1068663.2984740827
2126049265,445573.2241430692
9547204350,663219.7025370521
5560000680,184597.4849992488
3793500550,285730.63904074044
4217401195,899838.9676786779
1826049408,348919.3602181952
3905100210,435749.4345187553
7695370160,521654.55383543455
3210400060,231230.6926920654
6146600170,203861.1074376862
2767601750,418769.24581671733
1773100926,351824.11398644926
5700002125,505142.9877498408
1951100100,188485.94152929357
1402200340,331221.629793129
8044200200,377008.5052078507
66000070,301799.41159650276
5083100065,187934.62322527712
4027701284,379909.22132926516
5693501100,494471.4733209603
3600072,539791.3807543899
8078550250,292235.00131376827
1922059046,268716.38238800387
2902200016,650050.8228990838
9183700845,160459.52615463882
3333001997,315070.5477563664
1432400525,235784.86155365594
2824059128,507038.7252333137
6453550090,1015922.288643872
6202600070,1211515.2040941417
7524100280,231038.60214993102
3524039224,797248.7990361898
5739601300,498192.466233926
2473000410,413595.3684291369
421059018,232423.39955008056
4232901120,672255.4284654203
5559600140,236644.47102674356
3797310150,256644.74536948095
7986400265,773432.5635172373
3025300095,2247795.500424898
7524950830,612075.812115019
9407100730,267759.7867789233
3812400854,368671.37268212147
6002400030,298506.71869585675
2212200090,233122.68201286567
7202330610,498207.7874046833
7300400170,332511.5023151464
8965000110,437185.6066034978
3996900125,312697.89619476814
2221000100,294806.1659031598
1524079088,326149.5621199044
1133000036,313047.2295814656
1868901190,665335.617431603
4037200530,511099.159963179
2095500120,340395.00444890984
1995200338,749486.8362074586
8820902350,822573.239773239
7459810210,363495.41203715047
9536600010,537147.4510801035
8085400586,1688549.5839792595
7518503065,359849.39595272555
8682320350,650439.857056734
3179100790,835696.9055823183
9828702666,442129.2066415488
6713700250,541504.4826226417
2141330700,639983.5507894676
7519001990,372250.3651315608
3223069019,327820.98045651603
7994700030,352307.9016539947
2592300450,310603.2188315883
2792000010,451391.5273513027
173000025,319467.3090335705
7203150330,663505.360611703
3305100210,1023857.537265384
2581300055,907429.6764835556
6613000750,1624261.3103948159
7015200685,675947.1535952868
1323089184,510534.0834602589
3793500510,394311.203842511
2225079030,270450.8166913152
3578400710,395481.36096870253
8100000090,278960.52195870236
2095500040,331082.2425914227
8682281710,724019.1162358118
6163901380,298497.7076881989
6918720080,660921.1861295092
6914700130,472308.65797203075
1205000215,451945.9174487022
3800008,264482.58717064734
6150200180,274267.3566474772
1223089066,868499.6665663582
7768800290,825403.2498770764
9285800330,943886.4374953641
1974300020,793177.763194804
7628700050,770470.894130528
9376301800,653219.2705655962
8651430220,198077.49341115844
629810350,881167.8535723971
5016002180,906448.1948508762
9558010230,348185.4320251553
8732000390,234051.10258426538
7899800586,341030.95246257016
5249802460,437837.4710640259
1446300020,542787.2725774681
7785380150,482833.982613226
1245500950,649221.8584832825
3362400640,603915.203762215
7578200310,690166.5277099195
4137020910,279958.0800917491
11520640,806306.8582716676
7972601995,249038.6424492013
8122100160,435207.7782941082
9456200450,280835.4391566434
1328320760,339416.59785638173
4025300285,328543.87319013884
2721600125,1122941.7116431552
1123049027,208880.49100855459
3542300060,238802.9647602431
291310340,579645.0466188007
8651720420,451425.3006568422
3298200790,377026.29392293596
4037200585,450921.9742527256
1329000090,1669457.923719152
9279700013,1042871.622119734
4151800265,477123.28858675575
7760400210,241449.14403626657
5029450110,219808.16043268656
9492500160,944648.5388820372
3578400270,435431.0988593268
7606200090,275717.16637952026
3682000050,376083.7678097369
1250200415,336681.4976207085
629811600,713140.5001930579
1839500115,356788.9585278383
1176001293,1758489.0043017298
3013300409,333973.2011349961
7853280370,720342.4346694407
3275780030,625015.2226602143
3336001946,241997.37192929885
5456000110,808266.959123472
2473250400,293311.03882911557
5393601635,543979.0871629503
8820902905,378179.366170371
1245001659,768495.9689251821
1523069215,509786.5464331483
930000234,437093.84179615433
4083301645,653575.5538568485
4055700778,613379.2926756336
2781230080,455763.87479756674
3629910210,715126.0288531046
7856700060,711919.8407832199
7589700055,435845.1872964345
3888100043,347580.93757081847
6381501636,349466.80816467607
3303951150,391145.8242225781
8638500170,336630.60647912294
5635100050,417617.4740295567
8820901792,822521.5467516889
5456000025,1166611.0788405007
985001275,193653.33289430584
9560500105,748756.8177823254
1421069117,252752.0714733254
4154300296,308538.90200932836
795000620,193741.49157269826
9828702335,491235.6172559111
1250202145,1119625.3470131187
1163400070,265596.70410807146
5652600065,645472.2899889331
1042700050,841717.8801486213
8899210320,368492.3754355414
1651800030,1778945.498384222
2919201365,783753.9936537058
4365200895,321968.65940485004
6841700100,890284.8210450197
7376300060,425353.88435611123
7852090180,503147.9313455209
9222400565,498925.014597869
9542400075,894671.3737572395
7338000150,176337.15031824991
4322500110,522569.3112626789
7694200070,441594.96870811936
9321010130,244671.1706282224
3204300455,1346681.170273118
6706000040,318204.7026224913
1565930130,464673.6797117647
3279000420,221773.40968671808
194000575,472929.75508916256
2115510160,246103.88362122953
7522500005,529282.6791352138
3787000140,462526.50702064834
7852110690,629189.0229036161
5469700260,358909.1636689814
8691410730,724825.6930298624
114100763,276105.004284181
1257202430,941458.3677064397
7000100635,420046.5983800844
1900000195,229221.0880977332
251500330,1763237.2389767573
7701960210,902640.6799648444
4037000065,443491.26481221075
522059299,254880.1577784985
6072300800,627001.7301823893
6821102358,528802.7189940589
5029450200,234563.39749519582
8860310240,623547.4707959387
826000295,352179.4469634604
9417400110,376778.2259513642
3959400345,698125.7121358013
8899000430,337023.10886363266
7527200030,770964.4768166944
8562720410,1232655.9564034499
1432400335,218757.50724061514
6699940320,375232.0213167669
2525059172,723219.3101855562
7548301044,387193.49997211754
2141300420,824020.7690583379
5100401414,383337.5029323644
7346600092,242299.80376227677
6852700478,458931.20382243494
87000213,253558.50073610598
5416500260,288004.87839203124
322059097,279489.22497642285
7229900005,354843.6940293115
7116000350,170793.12558636483
3739500096,502879.3734974287
6744700900,700476.2506314173
1959700550,974193.4596961911
5589300435,371568.56842549896
1775920350,341444.3198807193
3750607974,274976.38445081137
5318100935,681057.7191552601
1442700430,519425.71028458665
9346700030,758646.7379741159
1841500050,324855.02634015627
7278100665,357716.40796756337
8635750980,654964.1269835905
6909700340,727635.5234129907
7011201475,780495.1780222853
9348500220,560551.3094434534
3876313170,441519.7899555766
2195700050,993999.850316032
3760100200,452668.18157947465
3396800120,526059.4093674019
3750603685,262415.745274322
9828702310,523523.63368837646
8656300380,350352.10223408515
1438000170,554987.7436963895
2423069164,494442.658300873
2112700845,299814.81974259776
7635801370,519467.0676580201
8572900135,383130.9209927921
7504010590,802800.9233395866
6821100125,434431.6734960423
4310702775,281560.5245395958
2591010180,437231.29717398237
9828700235,671509.6558278442
9376301180,491798.6146279419
1646502355,1035274.6253925606
1498301672,427909.17048714496
7715600070,345865.7764973086
7283900045,447334.3839769093
522069119,513638.8393388031
5200100125,576887.2248135168
826069184,517839.9765057498
3271300155,676279.767745046
4444800045,596196.5514618574
8682291050,789948.3462073688
2770605420,470685.2753657261
1556200205,483674.322833304
269000970,1225459.3850797897
9264900880,257077.7372704673
2323059074,240275.5469653201
1224059053,1436420.1317288873
3755500065,460416.33301887667
2571900430,373355.32701975806
3705000070,288388.2713333831
824069173,660366.2871694592
1735800050,191589.31156707747
3025059089,873117.42145394
6132600655,852396.7270372938
1068000255,1637024.8664696962
3052700921,606283.4710932705
3024089057,328181.565880649
7390400026,267450.3443709957
1787600224,383845.6555365707
2923049372,301074.1722909739
7015201015,1096578.7687586925
7701990040,1006342.3018805247
1925059194,1185030.744653489
301401370,335050.4601960511
1931300955,407986.3490328184
2395710070,367449.62789908313
2591820070,405466.98364155635
7883604065,262848.80087844306
808300200,520427.8046546269
1421069159,497793.50981261366
8562780540,333841.0769710839
2787720300,375755.779653282
2349300069,267667.83073739853
739000035,186298.53016028553
2397101460,627019.0548042299
7625702437,376792.9130790574
5101406441,447666.357472258
3323500010,1149335.598214669
225039082,748637.2027797212
8078100260,352844.32564685
4139480200,1266860.072305074
7436300160,495011.28807392216
822039004,617020.6905965675
8651442910,237523.26571229883
1370803510,719712.9901239107
3342100569,801060.7739193273
1310430400,538501.8874641928
104540820,233833.45709549962
4305500030,648505.8220329232
993000090,822537.6066275686
8044050040,448630.2413776894
5707500050,739700.0941511636
6306800080,370087.9450233203
9206700190,852747.3173236112
8732040090,308695.4069487104
3037200045,422982.6497419633
438000025,583738.4476857007
239000115,333249.65587637183
8929000230,504878.72848119284
7135520610,1136684.6224021958
5561300340,535045.1014530126
9530100085,723798.96828216
6613000140,1631607.751574842
8835210130,314068.0984241457
3782400190,332536.5740286274
379000051,279342.5123681497
3869900150,313433.2140307821
4322200050,440914.5875875786
8961980290,736742.9702987092
2558670110,451134.1054307287
1124000010,441535.9004817603
3869900138,455298.6574652559
7853300720,462639.58008156705
251300110,429880.1985423648
3904100041,256800.16957369298
7701990300,861884.9650044277
8682231190,541795.980943303
7888200240,217571.45726131435
2025700730,319533.07361992204
3066410800,788847.6290289004
7576200040,771717.8317590881
2526069095,1220360.985292219
2781270530,193459.22479143922
3763300005,469077.9883275063
1523049083,176149.4051307863
923049468,200699.38415822148
3303700221,635955.0972397339
1502400140,227087.70680630897
2880100160,1084756.0260485846
4083304535,851383.370857875
8820902549,529832.5086381674
4139400060,884645.6528986706
1222069094,375331.6655993661
9367200205,610737.0875398165
2734100736,323509.7499476747
3856904580,760847.9545499498
3812400789,318243.86032786616
3303980090,1041224.341769393
1314300018,287588.627685166
9522400350,562401.1483027259
7524350080,356350.403975416
9406520260,321788.2310336612
3278602040,380103.9078540407
7696620100,234065.16742439472
3751600635,226829.2042430399
6365900065,394211.65756406105
8732800100,272488.73281467555
3876540410,241978.36694676583
7349660050,262165.8413436499
1036700220,709441.5223433402
5417600200,319955.66333347355
8732020310,270134.75419980625
6844703240,973896.1669275985
923059206,369742.37731906766
4038700220,569156.8408852845
2597520900,726856.1397294529
7203230040,1020206.2394357754
8820903560,326877.19808569516
424069112,786630.9583912952
6056100102,507064.59912619204
1823069155,520250.09042042604
9412400220,2658681.3128967485
6851700381,1055587.962488636
13001215,273293.994054395
3630180340,794919.4298266268
6746701090,574796.9689639058
3832050760,274234.5275156611
369000690,466713.42231797293
6071900130,528476.3524358214
7266200085,536530.0818156882
1473120390,452890.9667589036
9523100458,501286.63577462535
4345000510,259240.20762653367
6600220090,437447.8895801323
8079040320,412012.04610478017
1357900060,434645.5879325262
3996900295,313097.9953640089
1442700250,520416.0599107229
5021900175,529411.5578846609
4365700130,331855.20622015337
3876100320,569512.8182162619
2124069103,442380.8977726091
6700400140,259873.3340019211
7852090810,500125.8558657758
1454600038,839841.7365712171
4137000250,313284.01857564534
9826700726,544118.2262633716
6716700325,409104.3307201257
8562750300,620030.211132657
9315600050,1724757.5994203307
2790410250,691623.8550252556
7732410130,725832.5951701666
1387301730,343843.91887895257
1568100220,341817.59336945566
3975400085,987267.841475984
339600110,449148.99511264457
7888400500,205416.98680470037
1842390130,740617.5238446431
7595700025,332204.8642146406
2158900140,768162.1313341829
6151800070,360869.28466649837
9294300515,722890.5386993224
1250202660,841587.250523197
9106000005,1058178.4082204532
5035300085,657068.7582210004
8898700440,276456.5670546333
723049197,177845.54297703214
2019200220,232773.1113659833
2926049408,621527.3556375424
4233600190,1013337.4117798131
9268851860,433490.2383286049
5458800620,674131.5998445485
424069096,445550.58239946485
8150100265,254544.62400224627
2742100085,368284.63252351753
8045600130,421291.6440382972
8039900086,273967.3334250259
4131500190,332910.4716845144
1370802650,669769.7488781582
821049149,257477.2445608057
5104520460,372468.277300665
5466750140,247033.06083079727
1703900155,329501.8154536826
8658303065,300877.1469607417
3298720030,402776.2321000839
1839900080,321800.6236155414
1561600025,723793.070549896
6064800410,339871.870013467
621069102,215867.60695076484
7853360620,429098.83289828914
9385200045,562972.1635359448
7214770020,648792.5525783726
5412300100,229042.3409617873
2025701360,269334.30218766903
7334602070,313125.1409895505
8029200190,205875.71201149063
2622049052,670095.6425231467
3126049261,328117.1972766594
4443800705,404077.26732153195
2473420100,291814.72597201413
7922710520,538832.591470203
3336001911,274811.42046302045
3797000300,430056.5085085195
5406500480,647950.5487256295
6706600090,459962.3956586704
1518000230,347561.77171070053
1250202990,954859.2936026327
6441800060,826647.564324511
2141500070,461579.293625426
9407101900,267592.53183188237
5451300117,1672443.4333167432
326069132,443175.6339723288
7153400100,240329.6642779319
3083000910,433144.84106235
3021059304,309023.98060804437
2597530650,796896.9309302218
3972900215,313438.0084978374
2473420070,277357.69919618464
6115400008,474314.9117017152
8682220230,830243.2396701194
642150080,614486.0919237805
3775300030,329368.8039621819
5418200340,691117.8294370747
2424059119,1079258.6050147016
7899800476,248376.12856677358
8598200070,246829.13867922284
2421059125,512951.83335904253
9528102771,510580.25743680185
7522500020,550711.7740398442
7202340720,605457.4766630693
3286800260,699033.4782387903
1121059105,473789.95535376447
7504030220,729325.596926548
4045100190,1760160.6035225547
9406530090,375135.6837530196
7138000260,257494.91547234487
2600010390,711823.0156639003
2917200365,432075.1850936231
2191600780,201190.36887220942
7784000180,437512.24518285686
6149700194,323910.6878657749
8082400136,806957.4835857848
7202340930,675773.2199035712
1972200556,579831.4189597713
2767604170,434306.7826490715
3271301175,501893.9613261373
3223059303,567158.9430610634
7598100735,1094836.2201112292
3348401490,337961.45519418415
1545803390,275470.8966763464
2296700050,524554.1687930527
3626500045,715849.4155372793
1596600060,221226.83109099753
3616600250,1675641.4885346233
8078560140,272263.1462819576
1796360350,243499.25369108847
2770601763,520606.9096349647
3223069118,705866.0470210734
2473372040,370442.27275925555
3575302759,432946.70318960113
5706200170,479326.8756648237
1774000030,511209.92910320923
2224700136,333029.781847133
1250200418,348148.46393075335
5416500840,375883.29003943613
7335400345,168228.96468923258
3776300010,898862.4872050328
8857320130,546401.0977268188
424069206,794408.1782725963
3592500985,1028908.2230805979
9828701295,332852.38498104905
2621750340,312014.9239841095
7334401000,253257.0101362103
3286800110,533083.4458868665
1722069097,468225.41081191436
3574770030,564448.9415481387
1336300610,967159.3916418045
7230900100,342309.16189040436
6141100320,345613.06510433427
2767602356,745803.7572769745
476000017,447927.4592241411
2558600100,476338.718453635
3500100015,278880.5847802079
4074300150,417135.1464969513
8907500070,3025435.5313559817
4388000260,205784.84627661822
2475900850,252754.57996099832
7852010900,507716.83934850735
318500300,738154.1376360453
9200000050,166014.26387764933
1026069106,449529.3839030584
205000120,676872.3144540382
2616800600,871704.2447491329
921049141,644926.8796412002
2023069059,778470.6884596358
7229900145,447066.89229601563
4376800010,560683.86755513
4389201095,2214269.8358031916
826069127,517680.92387049407
2310000250,271543.5702364587
4058801225,371831.021771828
6600220550,449004.5600446585
3585300194,1335912.745975257
2594200375,390588.63135648856
1102000514,836433.8930528616
1862400471,413806.34436278977
6928000440,328981.5481766274
9578060470,510126.03861291683
8732020670,258333.58397920083
1823069088,280552.44387909217
8712100350,1231055.3115992781
3420069055,371671.17381206003
4229900140,298933.48409315146
8682280490,429358.14538127405
3830630310,251133.10606224704
5100400251,322013.4367065154
1737100830,598781.1944655771
1630700276,452992.6997133412
6326000205,431143.2661655674
3426049284,2956341.899479764
3814900260,415350.66139122867
7403200050,1812422.4049337204
1725059252,816099.4524094199
8899200570,339735.10426158464
4137000700,260834.2075826608
1115300270,769146.4246892126
3904920380,607140.8984373894
2695600195,348715.29708275263
9542100135,995444.3239892737
1552510160,414969.8721283207
1823059241,778531.6349613593
2193320450,637494.9063663267
1122069006,561923.8277796227
7853340330,414385.81590395374
1954420380,493747.1032875345
7299600530,268246.3691939823
1760650670,244284.45429111976
6819100080,481472.29162310116
2767704649,454551.22634196776
2424059035,998583.0263388805
1566100400,344642.45954782894
5255690060,473078.67014235473
8860500130,411185.7969368519
7349650120,311818.6830516187
3291800670,467706.44173358224
3764650010,520243.39939229237
5416500950,425120.29046905553
7973202712,241067.57965526497
3291800120,240885.37590619677
9211500620,231994.47996766423
8643200020,375315.5835220906
9197100101,213602.76752700517
3531900060,329998.36994840385
8842400071,429561.61735814146
6844701680,435633.2339225356
6413600285,445463.036331784
5196410260,1014804.9642490582
824069121,754127.3216055172
3876313120,425499.2330602238
269000030,888276.6403933989
1560930070,782631.9723052166
4435000705,203500.87466930086
9542400025,893443.3643884211
2470200020,1717039.7234831683
7519000580,494291.5126685632
1226059101,516196.2586041746
4449800063,418747.8916349131
2815600305,680476.7047420242
3821200050,245400.49020305407
2644900110,356025.1416226624
8058500005,344731.4881599668
1099760230,235259.5224818696
1954430180,498386.5194422778
7853360480,495527.43419749336
7229100040,345899.82538512204
1432400120,199181.8099014285
1898200080,360997.6815690498
4054520100,913386.0632959733
2568200140,785768.9613419485
587550010,587119.630297325
4154303215,807796.0272193291
6358900070,955248.8163719418
3277801640,436432.6626406009
6209000165,334166.69870089745
6143000020,280367.80738811387
2591780180,439741.22594008985
5412400170,233164.29676868342
5466350120,243121.4648118965
2877104196,637699.8297446622
3222059007,322777.27323457587
7957600025,260613.06530375403
2698200210,245035.57135240614
3764500230,545266.7076465248
414100630,340771.3334607101
8029740060,351245.5231905232
1426049054,390507.0186062398
546001060,679479.3994088882
3277801417,429411.81765796634
3630120970,816519.6289490296
2326059080,1102981.9458420645
3278612370,369764.26676368964
4024700100,315074.0974629485
7697870860,235262.90336408486
8562900240,694515.3438419639
4059400585,233711.76577499261
5703000050,510107.4773158728
7701990560,895546.0376231265
1760650610,326666.6236843215
5408100035,372677.5846180978
1370800560,1170828.5279192855
2880100240,469419.7248383128
3630060150,541316.1150098307
6071700020,522465.4187223266
2473002500,422602.4082313185
2768300650,478201.10485082783
3523089019,872390.0845855861
2787250190,527969.936508941
9477940440,424387.1866774328
8732030440,285261.57721918926
236500050,333985.87636625266
993000100,819082.0074562568
5466700360,253279.08173173066
7203220300,978907.9592840327
8682292180,436535.3504470763
5209200010,441277.2642007326
7853360990,427658.7510197622
8663310010,450321.2727867488
2313900165,486808.04806411936
6114600030,507766.7436476883
3303990030,906016.9157929098
6679000960,367553.473280982
8161000230,495866.38129830087
9510860060,725290.5174581679
1223089083,781257.6250213946
2721049059,275905.8906131198
2523039278,290128.3395400651
9826700707,502031.8128556751
2159900120,503961.4604054306
2767600635,652858.8004487036
3812400455,362193.15289634536
7852030960,428056.9412621635
319500080,727730.7918865525
1061500360,340555.66070058773
1787600209,365465.4032063059
7888700030,501303.3467874478
3623500260,1204204.9654757162
4219400520,1352545.5477682299
518500460,2125960.9501585877
2500600297,286908.0520034685
7283900010,275625.4277909952
9225900055,337789.94076315605
4036800925,454630.7976042383
7967900150,375501.0759522074
1782000130,432384.3999492254
3163600015,131378.83168507458
254000075,336109.46467929025
1424059022,1161023.1310433168
2768200090,728623.8125401258
4319200505,460900.9593800733
1592000780,708262.4210295858
1687910100,593911.3444943662
5200100115,499165.4163497863
3751600176,178476.95960003397
5608010650,1000363.0937319372
2051200506,271316.57005620614
2781280310,285669.76327940373
1023059190,278607.1728849717
2787310130,273287.21996551607
4358700100,413575.3563239547
3121069036,514875.2643398769
1959700225,584635.7412966929
3205500230,385526.68350902136
7974200937,496907.385325635
6819100111,941469.1396727978
6146600175,128192.61621314664
1525069095,966364.4165515812
1231000510,355879.6818560825
4122700040,1019242.7721236774
2426039314,272340.87340611295
2013200390,259388.939990619
1854900330,727919.6808672687
1923300135,511383.24871130486
582000135,507452.7776994636
587800130,295976.0161126202
7840800135,213172.9111086018
6116500366,376114.3375736669
6392002635,638443.0247326745
5361700020,327422.2140554864
106000395,430351.5752037068
7199330390,392425.6241294098
2484700155,543179.9292213508
4038300070,455230.21574437275
9407101850,339695.16682363895
293610040,665187.2664041836
7202360760,898642.6573364526
5608010750,1140245.4279195727
7236500025,335709.5209941764
9144300120,323061.50340828317
1454100267,379498.92300688947
1377800135,597844.3222146895
7967700570,235302.42614565324
1562100220,622039.7474580492
2923039243,423521.14820891706
868002080,676840.4609542901
7137960460,268168.02292740426
1023089096,289796.5372468551
3262300818,1820753.5739465533
8563050110,567627.6038690222
7137300245,432864.11702800775
4365200630,427561.1179564493
4100500070,1743852.8059889628
3821400200,233857.20120839303
5379803386,243533.56482329688
4237901075,558907.7247671287
8118600155,367802.1856448458
8946780080,850777.4503256623
1428000970,424055.9870231336
7011201004,723094.8708420587
2799800180,371607.8635043647
522059130,248264.434552137
4315701163,542866.7672367772
3649100387,447625.98485564836
2125410210,452398.4144056227
3224900130,226694.62543016954
6798100661,302740.84243164747
3626039325,918869.1170908826
8730000270,344373.5684172094
6065301040,810287.5192855153
1665400165,233629.40731804882
2203500140,436925.43412676203
4058800875,362726.38426440523
5076700025,461579.293625426
7853420110,612445.3926358937
7818700480,329450.48027329636
8658303080,320330.8969554032
3187600100,501974.0605512876
4077800518,330257.125446844
2470100110,2981750.4618055723
3451000206,339475.41373451677
1843200350,185316.27999818715
7904700126,410809.74012102
9430000070,267324.68389054056
6003500749,607228.6659451093
7701990700,886500.8695656754
1310820150,339452.23398854875
3975400190,607369.6936933819
4100000050,692187.295129664
7202270700,548314.4810073489
7370600020,596686.6444341282
126059225,507120.1600218005
106000015,435254.6494825352
4458800060,868911.7378961352
8944290090,228501.75709741437
8682250330,615268.5552696575
9834200390,472479.68994450365
3275880100,766033.1123098984
7227501190,232237.67324642406
1796100010,647862.3032781092
3831200210,296058.22218086285
2521039066,285698.064779737
7701800050,472695.82132045564
3904960910,669069.7060088683
5647900670,255326.38022146618
7234600796,547083.5762072797
3021059244,221415.2437044502
7787400030,1734261.4151077531
2051200436,589320.9158063516
8820901415,354397.2736752655
3523069047,860090.3274934401
9194101388,456555.9730257312
7277100610,352555.6265772003
9471200370,1712838.3193030513
2767800140,696601.0385750771
3629870110,500359.0195219321
9136102057,590410.1278014448
8648900060,516405.11249821685
3678900110,412955.8564142328
2767600150,474308.97999579035
1972201511,604796.0223982834
6055000430,523042.91175935377
6624030050,381984.41627384385
2215450150,337426.1433390381
2767603824,435271.54178086406
3585900460,750707.8840358466
2922069134,416067.1460826537
9267200062,368243.7182941826
7228500425,530854.8319094124
1089000190,830952.3977348233
3359500960,453833.62849842105
5152100160,412115.79243737157
7230300060,372042.6309597308
2423059067,467932.574359027
8016250060,240588.20705526567
2524059267,1124418.5581524514
1438000440,516224.15757889085
3326069026,684049.1589796101
9353300600,432360.65703385277
8691410060,725939.9666624373
6332940070,512985.4668521392
1310980110,286494.2832832357
7428000120,234987.48339920797
3626079040,843505.695400771
2722049077,297300.04203735146
984220290,276661.44799875707
5347200160,274327.6310112926
4154303655,579744.803882052
2953000250,270623.5108484726
9523102447,722372.0865808049
5104511840,421019.0180171716
3448740250,449020.69727275305
4219400290,1095604.963783223
5152100060,507499.7699893893
3279000460,235056.3623258634
1102001274,1080703.5523812242
1251200155,1241235.8759070034
2025700740,274848.8359936083
3820350050,353397.5454384585
1245000438,725031.9336373382
7853230200,437638.2170791308
3832200070,255094.4307574593
2926049400,431872.0009160908
1246700251,1068897.3625209506
6372000155,535572.2640568808
7950300670,401689.82745892205
7518504130,497409.18478908204
9286100200,451434.275138699
3992700585,457401.5786474836
7234600786,838941.4199341389
5476800069,368347.5359792449
1126059201,1234845.8274470817
9527000090,494766.3640320951
402000115,280053.27542859706
8818400450,1024241.8692097659
2475900840,252332.1068735706
1437500015,272393.2861330571
2848700095,436493.99790657376
1529300135,334573.76505292696
2597520090,768951.03970059
7812801125,210146.43156080227
3343903647,447513.99377930217
1951600250,157366.71691161318
9542840590,258370.52773115403
8081010040,1178382.2338468288
3262301355,1515914.1956317737
1861400068,436349.85560660245
3295900490,451425.3006568422
4345000440,233870.09701279458
4219400465,965490.9684060891
3797700030,267816.49699316226
3204300860,821292.8841024794
1930301555,471504.2195040193
8807300130,335339.50500997814
4391600035,284417.3634486797
5021900140,1719016.0244187082
2946000590,256257.59431048346
686400210,564524.3608528879
3365900462,240054.89421618794
8682262170,429265.64681128645
7312400325,330368.51886707905
3760100100,411431.0229158316
3579000410,449320.5642148449
1773100755,436864.1474444816
7129300175,369847.959647622
6303400965,247835.39320973164
1328320440,341740.1872691671
3686900025,235758.38875927022
1221039066,377055.9476190854
7950304095,346013.93916137767
3585900785,959492.8701363348
9455200329,515831.6837079542
629410130,789375.4833387679
1994200375,583516.4489980299
6669200370,914362.7364195344
7262200150,232793.5524759677
7504010750,611561.2888137933
5253300173,288958.3097928275
3395040200,274597.67524835124
322069109,399811.5498629843
4054510270,1034185.352090927
1710400005,542092.8256409103
8644300170,726020.8946670493
2450000290,1136972.6447651885
6102400166,720600.0367677694
1934800087,424930.9519984384
3333000775,279849.56112429634
5393600509,303813.13028576004
621069039,354530.8120354355
3343903611,681691.636262934
2954400020,1180170.901726144
7972000010,238920.22052106282
7214810510,479220.2632355769
5561300540,517095.09402956517
2634500070,410897.35544586455
6822100310,709711.9814897241
9201000100,690354.75592777
1072100085,325337.5948411788
6190701146,441687.16887773125
3277800845,275752.94956928975
112900020,341280.2768402204
1324059048,722201.2039222152
7979900126,358569.08669888036
7199330370,429638.2349791987
6381500720,428660.07555050554
8078550190,284117.98081805086
7853440140,783196.2765132684
6300000396,347143.29988571256
3374500250,367726.1352317501
3343901188,261252.42520408778
6979900010,1028682.7330067641
7199340320,560895.3017455059
1112000125,340136.06184817
9269200150,324054.87300300266
5104510210,289136.8893605807
925059219,701713.1256665321
100600320,196788.5646258683
1789900080,246417.42868079594
2123049142,325621.148139626
2459900040,591710.6140726384
3902300450,561117.640120963
7250000065,341303.2922871784
7823700005,274030.11991897435
3750605247,232679.84114416622
2771601730,462758.97025811137
3298600440,388654.9029628716
9141100005,536137.4180424421
8682262190,431354.6456617544
9407111250,248792.81449146545
1336800010,1664329.308118915
2255500060,650152.2761644936
7950302345,281264.8426113074
8658303585,241397.62954691926
9184700600,1136289.628804044
8068000440,251020.74725550928
1310000130,315707.4683117798
7853221330,723227.7224349945
1222029077,313183.9190462525
8562891100,366830.87511607574
2517000260,381396.90835778485
2225300149,351734.4086839288
8651410330,193998.8587687682
2413910050,636996.152459629
9407100720,279166.5043465695
2112700920,327252.9231264773
3761700251,712802.8223680279
1036400100,653164.1278762943
3585300365,612390.6294712813
8562750060,862888.2711215566
2719100042,518852.10671131307
952007055,433064.5119220213
925049318,591590.9628304114
7203220260,1018639.3315466932
9320990140,310624.16717967525
8567450140,516868.3710603915
5379800810,173973.0457633932
7784000100,490364.2744237843
3992700475,432997.71202481125
7905380280,422690.36958979606
943100683,435440.58551813057
8029770470,554167.7307607128
2818600060,1213812.9328086802
1226039124,417608.6505639504
726049184,274917.0051049806
795001930,231350.0066319585
339350150,761142.3710377719
1332700270,279013.0462411643
7548300170,589676.3671089327
6141100330,423883.0901655963
647100096,834306.2198215019
6744700423,436635.80145039945
2895800750,272628.12490991433
4046600220,342396.50105477934
8809200070,393289.5362272735
293700110,880874.0537795871
4178500440,256136.0895245433
4358700164,250115.70429054834
9197100263,258617.69857875892
2426039313,272340.87340611295
9468200163,584616.1446797254
475000190,490301.3450363344
7504180170,432005.36207907554
4036800170,512907.48667464714
2561330040,470847.43846605
4123400340,518867.186831166
524069115,884125.2192825086
4047200850,306820.84944613394
8651440230,242678.02864675867
3905030140,544396.0432102145
510000641,713410.5378936315
8663370020,426412.9760751876
2883200760,607093.3134634785
1980200384,728003.3527517626
9468200140,490955.76155022974
1796370150,267545.5982596297
9238900085,523200.8547736536
9191201325,511429.0345603205
2538400060,1027839.7381411763
3758900037,929108.9035381519
2472920800,395308.1560352718
321030150,336380.13069076126
2571910100,313362.72990578925
1423910670,280137.6925201377
1118500030,836225.3888213931
1939000010,730776.5669263457
1776460190,467008.18716788717
7504400290,728797.7506443404
3448700070,420728.3026003216
7518501025,502162.6110119401
923059252,532859.0394516025
1431700210,256220.87521571826
8635760480,612487.0461511447
9175600025,1171916.1356837328
7922720250,556946.72744472
8944360390,472800.0666630224
8948500065,232300.41014565332
8669160310,257627.9504167141
6117502745,475905.0632500537
1789800020,344527.9015956403
226039186,335936.09905735997
6457000080,269033.53598352073
9557300080,560848.1632167046
8562790480,712424.7560268223
6430500008,451628.14501711965
1604590230,841185.7017505801
9542850290,872348.0373453641
7831800395,274423.5172501705
3317500030,1129939.7319650713
624101110,763808.0098505277
3654200039,374369.9467868168
7856000150,785758.4080442063
4338800685,264449.5979689611
3211230300,425773.41071859235
3904910650,543148.8649998667
3598600088,283575.78398326813
3796000400,347396.4418720436
7972601280,449593.4354154003
1450300050,278583.333664188
7504050090,857906.9515869229
9202650130,560992.1333635749
2419600075,348044.6476504939
1224049005,1054559.0624599291
7129303240,285688.8306117503
1922059135,194996.01448838276
7852020250,655546.2281114804
4139910180,1653132.9276583297
4222300040,243729.3948197721
1024069027,1002396.3938944046
8944600620,563596.2647026014
5040800060,663807.4176902905
1036400200,883312.7749590381
7899800915,221236.6304186981
3325069025,526593.2454309762
9408300310,637202.084120658
1773100604,350233.73429194797
5451100490,1061897.0659098856
9536602080,179227.16186724373
9828702055,358857.3957861873
3362401758,476836.2404048797
476000333,409396.6849309055
4364700730,338328.2748901421
5559200020,234598.25336112292
7522600110,252404.86409139694
104510440,236966.07024506902
8820901275,588450.4396992333
3298700125,258942.86420488675
323089172,432843.9401235499
5364200477,536704.6097918061
2222900082,352555.8009815155
6641800020,679134.3034098822
9358001422,301568.40475020907
3438501150,303350.9695186011
2206500430,544403.7262056847
9272201318,509193.23175033607
585000095,582858.1328825024
7708210050,563964.9441883836
9407000840,282771.85535370675
4027701265,511097.159783108
8644210050,829519.6424315654
8656800020,342007.9809844435
3329520170,218949.6565880779
5104520720,301896.6045475678
3806000005,171669.39112718275
2330000015,758939.702939496
1447600410,278553.0617706066
8641500252,351361.8676661975
6084600420,280504.71029456076
441000115,407319.14188258426
2597490030,728223.3205787238
650000030,694702.0232577566
3585210200,394563.1369800256
5416501030,419300.66499076306
5406500170,679103.1349064001
2916200065,418517.03413852496
3330501975,453516.232576895
1774220070,561434.2978623635
8731730710,205959.73590944384
7861500150,401480.58322577615
1402630190,373397.4605836232
9117000230,278797.6370158163
7133300380,725559.060245605
4232400470,748949.5331619421
1773100972,322928.56468602293
9413400165,286898.69890676305
7658600025,437966.9065703046
6909700040,1085455.357889026
1402900380,276169.18210572645
6625910100,470044.83943040733
3204900010,625236.4409491764
5162100820,323861.95240102557
5560000480,180865.67431978846
1704900303,505980.51553594955
8084900170,1700860.971886581
2887700091,690253.0919413028
4331400190,279877.1888159921
3762900130,364645.23006257514
52000067,514485.12852966785
5430300120,897732.7150393561
8956000460,613225.075399956
8856950310,242236.5354750901
3364900156,328237.8803184428
9310300211,302746.59546572424
6448000020,1307412.857428692
123039570,402488.8146978676
7600065,532645.3419026316
3123039171,485383.8828962057
8964800445,1737800.1600265699
7857000732,379295.5801577383
7525410090,597413.4529802839
9541600350,815309.0103605512
3186600515,706047.4416157503
4123820450,330364.2861769547
2505500030,1084365.4035626901
1541700240,335665.5708026005
6629300120,296687.00952727254
7399800150,503633.74955012003
9517200180,368737.6079762503
1313300340,484572.06416805834
7967650010,387635.1791342414
8807810090,395127.8312007315
8815400670,750951.7053888913
2310030500,276497.0362195942
2241700075,288394.45235209144
2287400030,332051.3658654187
2827100075,257012.31401475906
1310700390,345812.9046637503
5498100010,449635.3280504531
723000114,1750855.3495100543
6431000987,463144.87199082976
3356407665,219499.07728651038
7852110050,511951.6327066851
8677900123,447143.43257276155
1917300260,217479.91416731075
3396800280,594514.7855669573
8691420050,896470.5450177626
9368700006,296483.63518962526
339600290,392400.6478973723
1592000250,640304.0897180432
1471701780,337229.675852171
8928100205,624362.8140058459
5029450100,195469.98584656045
5493110080,2476877.5966629917
7883603750,286764.13817753707
1732800175,893749.9443234827
1518000290,330622.5093964527
8604900017,496132.4586851779
5379805160,307782.02271406003
1254200835,540789.3984233891
3179100482,434948.7905764448
3313600266,185087.72292132056
976000879,640332.1642546278
8819900220,647436.1266999783
2130701535,284494.50909941504
1176001124,493398.3851268258
7893805650,321719.8069583179
3885806840,837384.5812069743
3625600190,1143131.9971969768
8562790150,836532.6066538586
7348200115,188412.3917282382
955000453,434228.5183078671
6817810310,405234.54593339865
4040400340,479226.6697369673
1644500050,793735.5848456093
8029500100,327619.48863566306
5244801230,719589.3869389811
1115100119,345538.0740381078
9542400010,839113.7408475394
423059387,616717.1875179559
4023500990,309407.466707622
7899800857,258656.04484953787
2976800796,230360.1842963614
1074100020,308095.4459770232
446000010,600268.8234313199
7942601200,435698.9671519545
3575305495,815357.0860320491
8691310040,824232.2871878168
6117500430,724197.8371093207
3924500130,529181.4009382778
2028701075,493239.7027466931
4330600360,238282.3254848346
1324079082,432292.3348254215
9268200484,772253.7234553223
9828701605,566974.805991646
7518506715,970776.1601434317
5315100277,1249603.0038641677
3942900115,339522.0195360283
1561930020,491812.22885363013
9510970090,675358.7207661959
6163900821,352630.12047925114
9510300220,556970.3819551462
3869900146,266912.3002915442
9262800208,718927.5068953664
2522029039,557556.8828248933
6865200095,716113.5765115406
3782760040,508579.38014324446
4237901250,496324.17322338163
2891000610,237210.3766883673
2749600095,473676.8717401501
5422810010,362897.97055669397
3629980350,768419.6526919251
2459500070,285203.47864545195
5113400364,665570.8418302585
7533800885,768267.158984105
629410190,770390.4682716085
8651431100,184319.6595268834
7960100050,519523.56047562
1842200040,457713.99427729315
425200205,251171.13266612653
9477201470,347624.0873754016
7905200365,480868.9841254736
6381500635,303155.03519255505
6052400175,375419.504327103
1236300268,444239.62621968077
6072800265,1137898.4934639523
3423049311,232650.22898620894
3755100540,393567.44144452515
7852150120,370288.29290635715
4180300050,368289.38449408964
7625701935,308884.5152489311
7132300550,416489.7724325884
3025059093,3134973.924829799
8161000220,437167.5936713905
7852011020,531633.8339406907
2599200160,369613.8740586144
5536500020,558108.8319107274
2095600150,268091.23404867976
8910500226,396931.88925002865
1681400010,790845.1042761691
1424069110,726720.4971073183
5127001620,322138.7374606151
7940710070,431575.5216645775
2413300980,295677.5575667569
7853400250,695558.9384710749
9542801310,283967.64063453703
1890000169,487383.7339945387
2720000120,282568.4216478691
9424400105,478913.8814181992
7888780090,271312.8766067839
3501100280,337061.61365943117
3905100220,475497.74635913037
723000150,938626.1525662416
8691310980,723813.8463679773
2297400250,478367.4664850196
2892600056,242641.57751076863
5273200080,509355.876654565
5145100460,467789.36211850756
5561401260,571430.5436154908
7732650040,1049624.068634904
7504101280,1017119.9880439831
8581400345,268396.1313143814
7129302800,500705.6255406396
9551201560,529377.1216347746
1546600020,692627.3339819945
2648000071,239159.11602684806
3339900640,236959.9598198405
7853301240,434873.8948493042
943100262,297289.6527481913
7202430150,901862.5059397303
3558000120,329728.2304292713
3890600150,458528.7837555062
7452500315,246204.23097034325
7173700591,676226.908674534
438000015,620992.5910501161
928000020,382019.17000570137
3830700010,394919.1829987479
3845100640,402819.4832529106
6675500112,331272.1679500836
1773100920,345891.6532917235
9485940330,406291.4738890544
5561000600,461875.32431002404
1786830090,638167.2868238586
2011000020,252974.18897283392
8024200681,347471.52593262715
5452301810,1740822.3865162332
5515600075,296253.0959997829
357000135,1325476.4147159928
2541100010,545522.3293680006
1090000036,578785.4759895083
3459100300,426574.5953983733
2450000295,953716.8717565654
162500015,407367.7965040323
2592210290,798373.4968748607
5101405265,495802.0066049994
1122069019,717095.164581605
7501000220,935888.2085606976
1310900140,309876.94289660716
3298700941,234734.65720215716
1972200382,396340.332803866
5100402764,409104.3307201257
2623069069,766484.5916953818
6372000280,475361.2292427863
4305600240,475596.4068470828
2767602094,498736.52494829806
2500600289,176890.37871679023
7203160090,876839.2743931455
3521069146,529647.200280404
824059321,1742045.7159654663
9348700610,866292.1694995814
7228501745,446468.8776694629
6021503656,437811.91369586217
5437400630,601428.7585589996
2207100740,464635.1640927297
7202000220,420728.3026003216
629811340,718180.9196651124
1324079029,237345.75602288276
418000010,196618.45509299697
6303400290,221769.01642994396
4139910030,1179707.341916325
3023039066,348526.22666225286
8698600395,206503.65840125678
2799800710,352753.72870817623
7351200050,1108940.7217273754
8564860270,693749.6749964224
2591830020,428467.04367164
4139420430,1617210.276657899
9828201725,480039.56371712656
2420069604,257705.5988593871
7224000315,234545.88479421477
3861470120,1730482.576818203
3222069151,276367.69044314953
3869900155,326270.5116363021
123039346,280703.8728824139
305010050,684373.0279620545
2141340040,725253.9606169696
7504021310,741089.0870092072
2436700315,506698.67334244837
8732750100,375235.4167985696
3298201290,345708.762798811
9241900150,1090286.976781193
1180005220,213757.15364635256
5540000050,286488.3917496456
9211520400,244942.26391692812
2623029078,451205.5552076318
7132300695,392169.26947380084
6430500219,403309.52067460463
6084200100,379954.2950925433
7140200280,250125.13600100615
3904910610,616813.5548440972
7625701900,434477.78261423955
9432900560,332964.13894960436
1388600110,235004.04353057657
9126101201,317711.6323252421
4224100030,392708.72968232806
1109000390,527589.9273261478
3336000296,243444.16638096632
7504100590,804798.3941629926
2025701060,245561.81324017944
7527410080,659353.9564517261
7304301045,269443.50289977697
2591840050,454946.9181591694
2767602490,426410.2437629807
5494000040,1090439.0276876255
2473251090,279474.8616658285
3825500080,491081.52373112034
2309710150,336812.1049887761
8901001335,711110.2228177692
1781500435,386390.0119016015
8835220200,310564.3843282466
4037500335,527670.7892498375
1338300180,1723644.1620732613
7968000120,270506.9357197781
686050100,1008254.1090315494
1180008315,234476.72968104717
1657300280,447513.29146399343
7856600170,716176.7731035183
4154303125,628431.123712892
3295730050,614542.3294318486
1777500090,638051.1958434673
203600470,646913.5313990819
6673050020,379672.1706706021
8731980680,257709.22612734544
2273600260,528162.5820119804
1000102,380132.5081952771
4197400005,567204.0832586112
3378100100,256811.92053789325
7856620210,795353.9192721735
9275700765,888764.2143310652
1246700136,399485.5730763653
4239400740,146742.6369775455
3306300630,200117.45284972366
2524049056,954052.0934749596
2023049245,252390.19530136013
3210400340,267583.8337490232
2621760350,314151.5618508623
526059183,419402.02160171745
8078460050,691831.9102460892
7504110050,728786.45426761
3876312840,422899.70546180994
9268850350,324995.8530266437
8085400490,1210823.4418131076
2722059185,498106.6550340113
3644100101,348034.0387309019
1321700030,718066.5423861184
5608000630,1313049.324527507
825059349,1371716.9368207792
6083000071,187214.320193702
9164100105,493958.2052499938
1425059145,381152.33684413973
5210200184,492567.6700545127
9477201370,437029.2853623566
2927600630,948897.9982659512
2619920170,1286305.8609449773
1560930450,563714.0417124756
2896000510,553256.1622165589
3034200067,610822.8831050585
4025300360,354252.8871643589
3362401295,478093.7851712163
2391600555,425570.4858712725
7550801170,478093.7851712163
5347200175,245491.6206887822
8910500471,427772.31148612883
7199340560,493998.63986549614
9266700175,398462.0525714068
808300270,466325.21402509854
2487200875,449722.0118998286
8728100781,318274.2711202848
5379804888,256897.4306213018
6619510060,434630.98788315227
5416500680,454286.9740348375
1862400087,441138.62572064257
2126049277,434391.37818186585
4137000070,309476.78560893115
8081500060,2213272.759094178
686800065,994439.5458748372
5561100180,573048.414118757
798000342,312063.8134652893
5603700095,559269.9569086742
7151700585,1588674.8036728331
8129700565,584404.2847618454
2782100260,692130.052164952
7011201106,338871.7873154372
2423069084,562871.5384821288
8141300300,329865.85765555117
6601200040,279907.6048665471
290200230,700701.9497092068
1423900220,250379.9058059609
7303200450,231254.45663570744
3755100220,384453.42214092525
796000235,217195.46303036524
7237501040,1162752.7686849714
7203220400,894511.4715717984
9285800275,791362.4747870268
2061100435,400794.7680937079
6414100025,555969.0719474137
5317100750,2601995.566871253
6145601000,454236.25493639236
5634500775,499965.67365520657
7375300160,625239.6761910224
9558050360,531960.2532984696
4151800420,477647.47860583855
3751600146,204180.92762043388
5302400080,557288.5204581547
357000005,506419.8772706789
7283900306,433271.80643607274
3738900105,327361.5350334394
6822100305,609855.7536719682
7436000205,463878.09576566186
3295730040,612901.9206618699
1526300015,426542.52428377373
3294700101,261337.86836519855
8864000970,217867.85345746484
5469502700,389407.04541533923
8078520310,253414.14946118224
6154900130,319542.7945402044
8945200830,197789.07705627498
1085623630,438937.53498702554
4013800131,234292.54893453908
2287000010,679111.5620230298
546000930,616187.3825581564
4051100390,216138.1030995491
7203100120,638784.4317438939
7523850150,295943.56301667634
3826000665,271235.8785966523
1311800560,221365.50853394216
2877102180,488013.66933754703
3221059044,727303.9869385988
9169600110,469185.537689308
9510920040,780208.713396818
8813400155,774341.9849593926
3896100130,917410.3929270372
2568200740,760890.14135994
1217000340,337423.2778602259
6430500086,407206.03016511013
5634500234,500535.9560340903
825049073,466909.8860817732
2391601445,953892.323021047
7881500330,430810.0148419018
1721801591,122002.58125857808
2473390710,315256.0087578511
5634500891,328746.97975531215
5515600163,498938.130632815
2560805630,256849.74785530946
8078350280,611344.0449298443
9477201060,369430.4414878878
8827901350,775422.2173084543
3560800040,416146.0803665433
3034200370,493739.3713942448
1328300040,367552.7637999944
2483200010,569706.8876385728
6071800480,408598.8568699876
6200017,218965.29889171623
8149600065,794936.1099907957
3362400615,437344.7507707142
7518502945,510449.1658193316
8001210120,256852.47694117093
8682280340,433586.3060751832
3623500408,2748396.0258101663
3764650070,462271.3807608592
7937600380,367931.6028728747
923000580,671649.234786074
217500005,423048.9116957385
5419800510,252856.13490461683
8562901250,558025.3255344118
2212200100,316239.6596755534
2310100240,360913.2407767264
8582010240,672629.0136778812
8651410670,175654.60226172992
3330501645,277164.8586431389
8113101232,352994.20320288837
7849202190,369904.13289267896
1864700300,297578.88169076724
5231000060,321089.4896906453
1565900070,237889.18181399096
7555220140,740832.0270031686
7518505160,404043.2835072429
3322049005,683788.8179452773
808300550,422961.1845920276
66000265,310025.45182274043
2880100675,421892.907793776
1524079156,425543.9253659204
3625700010,1547474.5084821123
3259400024,318630.4054151353
3205000310,411680.86521599133
807800190,278735.5135741008
2783600210,476820.01706428366
9290870040,894883.3908403894
2561360120,452215.8526144377
8857100180,423526.8008011106
4388000070,237254.09859646403
3860900003,994692.3954389987
1176001119,499558.718672105
6084600330,244189.4067790547
7985000100,231316.05831219335
8026200080,371995.7116169039
3210600010,714293.0953835506
7558300170,519359.5828505515
7852180340,430662.5870664558
524069011,630189.6010280964
3361401011,138955.68934950457
6117502455,255492.23347682724
5602000025,234548.48809730998
4142450490,302017.15700424527
5306100255,353779.8845625496
1795900120,562401.1483027259
1193000280,936714.3780620494
9238480120,553571.0828760178
3630200780,948861.7111772252
1250201130,456849.7665529673
7796000095,1105516.505257172
8635760040,498013.9104742037
9476700135,283048.5766758023
5249804510,545721.3396155039
40000553,222881.53815493127
3204300625,776394.7904757552
2596400050,389449.29408981744
2724069103,396363.4633992393
3744000040,459659.8130870032
7525100590,452607.1209733488
3705900292,397975.084737399
6169900790,1716709.0156041225
8127700735,943681.7568149384
3761700067,853513.0684247824
6065300570,834568.6940626182
4022902050,449733.3448397818
3886902590,492458.53908266296
4107100190,1757311.9230311906
2909300150,714051.6492804855
384000135,459207.61411662813
1005000036,364209.8857068258
8856970530,313286.65414683754
3448900320,615943.7906372168
6713700100,357387.89125680644
2260300060,2078377.469788571
7273100026,738317.7389288043
1277000020,1001360.7768647724
2620069113,350362.59421059117
4166800080,333640.2955194827
8731902680,259325.92134652074
2599200830,206599.27912761446
7569500010,711113.5270593436
1825069031,1056713.243013019
4443801495,538501.7077409215
7805450110,727384.3331902513
3345700207,573350.5664206049
1560920450,789367.963339412
3629950010,448116.7028940149
3782100035,259799.45789815456
5561400340,807795.7275642969
1898310110,254239.97502355571
2122039094,606430.5338772872
631000040,538407.2088445405
293000145,346657.7300888622
8121100015,376937.9360102992
3205200430,428236.41233303887
2475900565,301010.9873084807
1651500040,1743030.974740522
3955900500,412499.7158514626
7907600100,260832.51715969548
3123039136,285958.87066436117
3972900735,274881.90935005026
1424059130,426475.10542194196
6792200282,244433.36339331974
910000104,267394.6970839412
3751600784,336605.53741571045
946000295,433845.528171529
7749500070,352679.30466125865
255550070,371794.14464588097
5151600340,289444.8988715226
5415300060,526433.202561256
287000110,564482.1602048787
7585000110,191100.15335031622
8121200460,523415.34940654517
6891100090,1021839.6697524652
7575600100,318933.89691015775
4240400140,544431.0169598571
4046500510,320328.92942629557
2944010240,1109420.3795871565
3449820380,563757.1109659072
7203102140,292709.7518515481
8665900291,542248.7168162446
1775930010,459594.59677367046
1118001631,1283386.9573465455
8911000445,323356.31141847884
117000100,530410.2798403921
9284800085,429466.51585826976
2795000080,453638.2248162038
123039207,351677.1373638865
1312200080,230612.725417146
1236300290,1220617.6395093973
7549800168,425953.7074533366
6891100260,908730.7122081054
6072000910,531778.9108698086
3226049184,393202.5899496078
1442880320,526166.0998690216
23500190,613069.9068280315
6021502070,481319.6975264216
4168000110,183331.47776129137
792000006,186956.79610333714
9558200210,233292.26164281904
3840700757,714159.292406577
3876311650,602675.338408062
1328320800,339857.5964813944
5006000170,262870.27587298036
7575600430,264168.6523056832
7686202580,167946.91892716286
2524069097,1813575.1075607135
4292300024,342038.69591621426
2726049071,413996.71865207836
3526039019,709968.8913105167
3300701365,432815.3276566719
1274500170,202096.12715363523
7282300095,269735.5055424135
8562740440,724184.0125821956
3761100045,2989068.356248999
2877104265,923496.2229254125
7940710100,516328.1231792039
6071000030,767695.0481745643
6448000100,1707230.9074048693
2923500230,2225178.280389746
6751300375,458423.08931353176
7214810350,497144.3696680438
1088800470,567116.4825982141
7129300420,261241.50245880574
6149700405,315223.66866028775
9521100855,431375.95551930636
1861400116,708404.0381892059
2787460720,240653.59120354897
6073240060,686258.9484167473
291310100,448842.44772519334
1247100035,1037302.3031433248
2626069030,2445781.3187594926
1326059085,554696.3649155736
6447300265,3153650.445493729
8651401270,170326.95573232757
3524039209,772911.2843962015
3226069049,1247557.3139746005
7548300425,377246.0510576168
1438000360,498694.23460845614
1777600900,719895.3502200603
5244800695,480378.7578252845
3387900390,255391.84454748084
1954700615,1011137.1966476116
1026049036,285757.3653963611
1683500180,238473.05115949927
1939130420,674327.4041921885
2021200530,1116053.7961436647
993002325,419979.68586414686
2780900220,257921.38526909504
2540800390,449587.92887518794
2919700540,639716.3299497918
2787250090,529799.7406051265
8651442520,262360.26356358605
100600860,200950.336685047
1437580480,1014779.7495733396
3886902505,617528.4931663134
173000140,417180.30042924
5151800045,586258.4260588917
3010300240,489361.79546937597
2085200261,293324.2327193365
1839500065,281512.0497618261
1049010300,389343.45800551435
1328340540,313914.0535474814
8887001625,468505.3048409308
5332200320,681727.9514062958
7137960030,277743.01255359745
5468780250,341337.6114050425
2436200715,591462.9934548461
5137800030,312160.79561569565
1068000520,1165646.7148199677
5379805121,420116.5486433541
7445000105,394469.35929467896
7942601895,650259.4374014315
1727850350,1307191.3017131314
9407150310,339368.888484662
5569620550,764728.3604685838
3179100480,495435.83859927824
3624039111,184901.8065295994
7844200050,301972.5484963961
3304040020,390535.3235820258
7739100155,594432.6727446308
6099400053,183126.15727533324
7468900270,200090.31011390733
396100025,359008.9787143013
1160000255,342927.0601510599
6300000320,387199.3804748558
6392000570,355626.2561044858
7387500235,360648.29486795794
1121000058,575414.838065692
9828702120,511715.01274231763
7715800310,433316.83106949204
8562740370,758464.191946995
5637500070,427230.18860104785
5561400470,639869.7460368756
1189000205,432170.0245971454
2412100025,345065.63702135003
1073100065,317932.44700617134
5160300020,665647.4323471824
2770601677,503967.721903631
5104450070,443572.329244628
820079043,390409.0342917355
751000190,371880.7633042505
1823049179,419582.8974157416
7430200060,1259943.8268730515
3331000035,489887.85809339304
1775910370,555646.4666857758
3626039299,535022.7021735961
1546600125,726727.8005141733
3260810150,334939.6685316797
6817800330,285305.6193766748
414100045,394844.13237211335
1326039061,375198.6530351196
4055700030,1166628.2079664506
1225069038,2914177.781374575
2296700260,433799.01242259186
2822049160,207012.8319640643
3395300260,521944.5333690027
5144000036,324755.63540179585
809002290,825406.4614152028
7334501410,333675.05232248735
421049114,189888.52670931286
2623069010,875310.1259063605
1133000144,529111.6398893907
705710290,340209.44821612554
7313200120,648330.8067111392
1269200150,274856.21781644697
9264930970,308920.6106749456
6819100020,1715959.508111635
5112800421,263558.5575253263
7846700850,279641.95497609593
7227501450,251688.4311661038
5451210150,617017.3280759904
4140900140,388041.379094874
3537900180,837272.3734551894
7738500475,450424.30660568835
3541600450,410116.64475994575
5379800040,333263.9232141216
6664900330,274154.66998294945
6056100312,340482.98715481086
7766200013,583346.2408061052
8651720470,461295.6088828769
5690500095,815474.1913743623
5423010180,792537.3222730118
3204300610,476358.0384553072
3425059066,590617.7007247336
7856660130,1124263.412373991
2954400520,1278611.8116952975
2327000110,1051262.8054856614
9526600340,721811.8451686596
7695500200,439356.3988871303
7237501180,1117007.7183524994
2008000550,272939.7450304731
1123059126,569784.171983718
1775500371,830952.3977348233
3459900230,2335533.011243274
2619950310,476188.8091199385
1771100330,335237.29889441945
1321059097,355381.3821731123
2420069278,240172.89065386806
3832050570,306035.299295111
7132300525,462650.2993207217
8691410700,743410.4731268504
7967000150,347868.34538436844
1328300810,368791.75188493246
711000110,1167294.658043713
9485951460,446405.30678917526
1771000970,331850.02680795145
2817100900,244391.45451430403
6817800630,414753.80885223893
3558900450,483997.18172988005
7215400770,373978.5060234439
4222000320,202285.8994934055
2791500270,257011.29581415036
424069018,852479.7676706138
9547205180,616927.9184582236
5631500947,598995.1890296779
1425059193,1159853.8801044172
567000775,437303.87665550166
3904900610,491756.82307293377
3649100346,419111.92124512227
1624049228,451093.8994093626
1559900080,349374.32885588816
2919702040,586468.8119397828
4013800206,207912.88137344646
1025039292,1182507.6811788387
2771604640,678311.2521397874
7203600550,247887.9034700265
1545802830,256593.9155982138
3303910010,542865.7570447309
8617000060,909504.5332087686
7889600190,261550.4631158647
3325069064,446058.1861958454
6300000337,502999.32252290664
1172000150,326467.524235946
3348401319,344538.1017526307
4188000490,1009234.602797351
7779200355,714191.4255311058
8029900110,454266.8401563586
4060000290,230781.576690552
9475710040,402230.19852402835
798000535,251182.40406812917
6415100410,409144.1635376256
4299700095,308816.69533316215
6117500955,423743.06760120153
2421039075,257271.79557119246
3362401935,504885.9939153206
1545800205,287574.68942786404
7645900235,674554.3101836382
4141000060,1154032.867195126
9485800050,585053.29651022
2436700280,792161.8592547455
7335400400,231280.0025645978
9294300495,725253.4790883028
6649300190,443755.73805315397
7950303270,354206.2450670303
2391601010,419982.07628244476
8129700728,542422.0038283744
7871500685,578941.2816957815
1498304065,543179.9292213508
3862710010,406390.9150131275
9209900335,520089.1682594609
952006857,328592.27984991483
2322069168,546445.4950838621
1775801090,517065.0393500645
5700002165,510581.9434708829
4029400080,402735.6586049346
7796100080,936298.5761901364
9279700150,1750919.5792197713
3876200060,424581.3990333081
2934800025,323439.09574480326
9359100101,964517.1263495045
3330500335,290098.1423963194
4027700466,349310.38266996254
3204800430,447224.8868602428
5415350770,723821.530284095
1443550020,515894.72063335235
2810600022,310077.04639368353
1238500281,495613.5223487682
2591020140,486719.6833515928
7137900960,245686.0205544676
1328340630,279317.0685955932
3529200190,349451.86879891425
1624049291,828759.4521629869
4083301120,581186.0595356695
1873100060,703577.2791330289
1773101159,264914.81866493775
7214700350,516038.8632270278
3856902250,584863.7958511095
7169500130,503404.2255333036
4038300010,440462.2583493805
9578500810,423867.01912785193
3345100184,362905.5489504421
452001860,433456.56113838713
7905200037,498119.50158552156
9376301110,487468.70453441667
873900240,275200.16070246004
8682262400,442250.85627201793
7227500910,181441.32849976685
2392100090,455073.6835980888
3221079050,443480.0228682803
4307320280,369289.96779146505
3211270170,512128.97045559686
726059483,722995.0403341063
424049043,716924.5856961258
6865200140,605540.693580321
1155640050,424530.44983372424
4139430250,1669358.9742929335
818500100,168926.80118794707
7999600180,186907.47399572705
4099501215,726483.4252565588
4046700140,345375.44350160804
8857600490,213781.6047736371
8677900120,515266.10962276265
5379805253,206673.66352526488
9211510410,233262.63296560125
2337000150,260554.62455415397
1423049029,279150.3476075121
4036800580,460801.53962570324
3942900010,350129.0471949862
3438502715,361566.7363631261
7625702441,375315.14440513053
3905100610,452120.4756077554
2218000335,476537.7402655365
3034200516,380739.8412022859
8024200625,421955.03685630043
8564500020,324076.09456281783
9550202700,472314.13998199685
7518508625,543073.3805061658
1822350070,353568.39819032873
8921000040,911988.8577354191
6648150090,1614129.55178494
2402100675,664418.5504590318
42000127,264291.1888933179
5100401160,458176.5302532679
7347600507,238290.2785216727
1839910300,341708.40702096437
1250201550,723444.7873648874
9460000010,279168.7582240494
3356402232,187896.20325336236
6819100150,633936.9859609904
8645501330,253655.77198251954
1556200005,880351.839915041
40000228,176545.81105800564
7300410010,371332.76153180265
4299000030,364607.09854882606
2629600016,430674.63257912453
662310900,378224.9831799944
1909600046,496132.5112614123
7893207490,210346.50787528994
2524049318,1701804.6588247302
924069210,758545.5417159135
1591600527,338518.91943683336
98000060,1283785.0050837726
6392002020,613732.1267603413
2719100400,454782.76433100656
8018600655,478265.7377385053
2141500020,448220.5934063171
3277801580,498426.0824632446
7237500110,1094004.75580924
626100023,645113.5679894139
4319200820,320653.6752829413
1422029138,543420.660650261
9517200610,363105.13227015425
7334600280,270238.6059587261
8820902400,514526.2082196232
8944600060,563094.7975327299
100100050,305522.0442641972
8074200100,259900.40767740985
1836980240,803677.8973378546
6648500440,338107.3738286231
9530100225,601342.8193733065
2883200875,645108.6786486898
4218400175,1055516.4547708598
1022069183,646186.4812226031
6398000171,491745.6078434131
5021900160,587586.7979730263
8078410250,543600.1063916109
7972602490,324497.3664682831
1962200435,691190.2316952244
7221400285,229612.4762682105
273900030,241088.61662744108
2708450020,526485.8841403658
4083306616,439300.8196633632
3034200435,574443.0376694585
7855000550,1170239.449972568
871000155,623415.4563361712
8024201714,517534.72936522204
2625069038,1386751.2139878375
2324800350,804633.5360114283
5450900010,1590980.2173156473
1822039225,505887.2669809302
2460700700,271305.48805966764
6679001060,298578.3955259388
2422059111,331920.69687867386
1250200345,259801.67307172707
5589300370,315186.1477942457
2021201000,1637250.916807874
4302200336,269597.2605637165
1328330290,349011.2644468845
3438500781,392766.48543852847
5453700020,675887.9302592224
123039147,421316.2771797534
8691310070,904458.7013323121
6450303785,318777.63791837834
114100234,448988.70155231433
9212900820,438074.74470382434
4270600025,310956.84956455114
7201600190,467206.2706206208
521049227,780829.9500767596
6300500479,413619.75815034844
1432600100,216210.67072605304
1024000109,361455.26976095105
1430800100,357636.1188547179
9164100125,464093.85030837817
1925069183,453640.9619482305
7852160080,925675.2936156387
5317100780,1478750.3347309828
4083304835,503654.4952692458
9478400080,802058.6946096023
4463400195,177390.87833934434
4232901525,463378.43489711324
3845101070,396389.3911022925
1843130980,281090.92195165536
3810000480,342735.3295034454
7137960440,280721.41442156385
1231001115,379080.217390983
5101405340,492990.4695053737
3723800409,603269.6482796925
8651430370,183843.68935062058
6135300010,248498.8017148086
23520380,516626.9615055185
2935400100,558375.4188548172
6137500320,1166386.584320386
7841300230,329060.63793211326
3521069051,464413.5664696902
2621400080,287648.8591956942
5104530240,342673.93565458874
2022069200,449640.1549104731
5469501850,394824.73592936195
9206950110,297887.617191056
3298300210,351559.0114976998
2810600015,344065.24580674805
7298050090,517883.58824794757
7202290620,429249.58531814534
3211290370,429096.08679566515
1591600506,388608.3293238685
2827100070,324957.2307216511
2482410130,411610.16213592427
4364200125,407056.452945704
6388910730,615789.6372752081
7436500120,526301.7014472741
1822059156,723135.3131209573
9432750190,497460.948637242
2205700405,460343.38803442573
6056111370,318294.4183178814
3205500160,398933.2984929706
6139100076,356595.5397252849
723069135,453340.61550997366
4123830070,329714.75987274596
2472920740,462694.1079905032
6134500220,635627.7363430855
2734100395,248371.68261912724
3574800090,461141.1379030056
3126049107,490548.8318027677
669000210,1136705.0314902025
1139000620,318667.95018206775
3825311190,763896.2688953156
7300400320,396904.2474764172
9407150250,274320.64961709804
3679400503,277097.81533002673
641900050,442995.9984186883
9169100130,486544.22353308764
8091800140,362544.65667707875
9547201155,509066.6992775409
4154302045,275237.55468136433
6638900265,795463.054776561
1423069063,465584.3212419942
3335000025,419471.4760752729
9269200650,266181.551210195
1781500180,335026.13030305505
9211500520,232142.6977964159
1853080150,855163.7284921714
2767704756,438159.97733198485
2206700295,430850.32979667454
2557000380,282786.98410794546
11520200,819640.397086401
3832710680,232300.69630086553
2569500210,366554.57486279623
5230300210,270026.7062959065
6447300225,1722679.0147831817
5035300325,1106804.4700517473
7853301660,770573.1857548498
5411800250,336043.8099617938
7203210170,706657.3242700946
4302200415,310870.50643893966
7942100290,236066.74740967594
3629860160,839696.111574356
1423069076,576908.715669428
525049085,545915.8086801999
3306200230,232986.60186531037
2193310300,459703.35171906685
7978800621,271350.93336743955
4027700632,447009.7913642437
1761100190,240624.29459210782
2749600245,505823.4791792139
322069141,483786.7904654454
1900000035,179887.27804593084
3361400190,186351.5695147982
1604602050,500637.37147342204
9421500160,433890.417051339
7788400180,292209.7881933332
1566100625,446644.3362949905
3861500340,233012.21161730305
2524069072,354219.901070537
3013300980,449344.3662262122
4191500130,638393.8779798262
9407150130,322977.6347566338
3904902500,725966.9827775697
9510900140,238053.56910725022
3368900084,322614.8918120235
3432501415,484434.64256824704
4254000540,490083.09778163524
2767603250,496061.9902080344
2923501130,650594.5660649653
9183703045,285768.8606740995
5279100675,337869.9647032015
3905080310,499682.4969917655
2461900375,623106.1382181701
3346300356,616891.682613698
1865000110,379717.42819785245
9264930400,290893.7992674113
3447000100,628617.5440801625
2313900510,481652.3695652085
7518507330,531135.1509205324
9368700270,158839.19292702913
1137400420,375379.87816749426
2023069054,361624.8123525207
2141320230,618394.8532143082
9536601295,350107.70128986513
2424400130,348000.52932848985
5210200081,435381.1481918416
4443800785,485899.38180585013
7292700005,501879.34315301967
9834201205,281459.44670988136
3275800050,220939.68012907612
6926700654,601139.1584357858
7511000140,1192551.1638052752
6821101895,583651.8603186641
8964800695,1309124.0256230277
6821100195,600078.9770240926
1226059105,634734.0085263591
2806300070,1410764.9913395413
1720069029,370397.33651540894
6384300020,435884.6521768259
8928100125,594777.8823676588
8562770720,561442.6298647946
8650300130,716943.9614912568
2126059172,422411.1673906049
8812401450,768151.5783112817
6646200280,643780.3666530771
4021100045,503676.6701020761
1155620190,398378.48289224703
6061000010,367228.4485707155
3362400472,356569.6649854053
9558020240,512156.4914616025
7309100270,541209.8741569911
7137950210,335339.5557715938
7849200635,203513.37334794796
1311200460,241054.0797313079
284000095,995369.803465134
1509700050,326759.5560715915
3438503014,287868.14010889764
9406450090,347862.5309411112
5096300140,385111.651070071
8923600020,1623881.5521348128
809001070,674616.2435762319
2291400342,290022.40628293436
644210020,907563.3611895834
6700390090,254200.50005163386
5631500285,779521.8170724686
104560120,281192.7083209453
6413100311,413290.9586883787
2558700090,459624.24729884876
1471590060,726499.6899064204
8914100170,612786.9310280881
5652601035,359693.48731439764
7852120140,765494.8043580243
6163900952,347396.4418720436
5215200050,938400.2414485026
6352600490,793063.0446895392
3912000020,541854.9965300052
8830400135,235218.5179945853
5467500040,404314.615635105
9406570300,439289.3757973055
109200390,228472.58454710408
2025770310,706109.7213511803
1939120450,724159.6680799032
7524900003,3314160.0973515864
3755000120,349013.2771155519
2473002850,539306.2709238277
7625703945,362254.2470419097
9477000190,448766.3735107068
1727500230,423117.63915903773
7011201087,468522.02302264853
5561300750,498933.4974055045
3969300030,207687.13278398608
8097000330,335751.4454942263
2025049064,751434.7666890236
985001321,234507.60327719676
1775500050,461043.17689988605
8849300160,389508.30705228326
2316400285,474481.9251353033
2423020180,598226.7459697818
7128300500,512244.67681662936
9512501400,424559.15546391404
7200179,198687.66008013522
5490210670,525979.3260990524
9527000330,607671.542368569
1972200326,469702.6315962351
4151800195,668593.593341889
4046500320,339739.5142567033
9834200885,445147.37014760537
8161020050,529246.4098362257
2891000750,220085.8064066288
3426049031,1216234.3458449338
7387500195,281878.69058138126
6303400395,185350.2987945961
638100015,446230.03786542796
4107100204,2186084.597739955
537000255,219281.16273286255
985001266,298217.4613152235
1137410040,517733.13715711626
7229900250,259329.51008694005
3905100840,492398.89349568984
8100400160,699080.7485174646
1346300150,3209967.434219935
1443501020,223709.2687327057
5490700035,348706.8813462898
1954600050,412652.7676116971
8122100690,412001.37692578684
3663000070,513740.08181327383
5101406375,443272.49532987626
426059055,547657.5600735088
9268850160,382995.035535304
8731800840,253057.57265315478
3331001910,319825.58237923594
7603100020,967969.7435338553
809002705,721829.7377156959
4364200075,308839.3665866357
1113000430,175303.3045158738
1176001117,552059.7858172472
3320000212,409206.88533165026
9286000150,1333462.0800765657
301400830,252588.26354804588
425059024,718378.1588331887
8835350300,491292.28621252434
7100000135,307601.4652436426
7696600240,184118.16051354536
9808640320,981990.5231299787
3764500180,560954.3066211076
326049060,612901.9353611809
4017110200,428942.98923432536
7224500300,233766.47480689254
1560930050,538656.2011482571
726059395,438731.98270292074
8964800890,2416793.6574299987
4045500620,631006.1873670062
8562710250,1081864.747575037
1775800710,360136.1245345193
9528102865,798139.2922835273
8096000060,587705.3896169886
1591000015,268171.0139516004
2310000430,272587.8829680651
3902300350,645195.1369346657
4068300280,242618.3046739551
8732130730,241852.7962838729
6791100410,511935.6414148061
7660100236,392512.4932719459
2568200070,909878.3527121418
7697870310,262165.0785259191
8562901100,654712.6949026536
4016800120,297598.9979975077
7338200180,559214.5765715445
6791400320,267656.90577592363
616000200,401481.7198495644
2917200675,457958.0373411947
2926049086,574811.9283353545
3621059048,457621.40157458064
7987401095,735741.0764914172
5589900590,382007.92978995526
855700170,514617.58229636186
4030500130,337879.36719451234
1755700060,371661.5580379636
2413900050,753466.0015171379
2489200250,421662.5292826575
420000085,243272.99542998563
8106300820,512641.46505124634
8651730580,452898.34296812344
8106300090,436417.61488918675
9842300095,416349.87674484396
9477000280,404504.19008880184
2877102495,400629.80588073866
868001030,935675.984075588
8564860110,560848.1632167046
6762700452,515983.4571966493
3294700310,199723.52726743455
7231501665,241768.1578081464
7525900050,526921.577886838
7882600326,1741882.284852188
104550690,291935.3281832463
3425059076,1081169.5405212108
8835770170,1637338.0995747969
2581300010,1170124.0304743345
844000180,234925.36294744787
7888100240,213260.0005750887
3845100670,464827.8086054058
4027700812,501363.84092104324
291310390,369330.41816523334
9550200370,631394.849615825
2328800130,278899.4249526513
2372800100,250132.16200760042
2923039264,683699.0289802043
9282801720,295902.0272447071
9520900230,564387.5551118001
985000955,250770.30143396396
1099600090,224977.1800503541
9211010320,553608.1256968532
3825310820,869032.6172944293
9545240180,596881.8249221324
87000245,186177.6502937904
5041300100,534832.4422803356
3624039150,254314.23512382855
1370804430,555779.5805562563
722079056,477751.5102365913
9126100815,497780.4600210318
1770000490,337563.0604924504
3995700250,400531.91578554426
7214820400,421400.58751826885
2473411130,346034.0255389771
1824059079,812780.5907092567
3080000030,504907.87589729327
984200540,318297.3309082701
524059063,1714022.7522698655
9482700475,773336.6297721734
8024200820,471661.18716109125
8568700015,347446.26580081426
1223089050,336087.0415288746
2205500400,503839.6667437372
1279300085,666588.4247679777
7376300085,455361.84179407486
322069020,464622.72439125786
291310150,368285.96401972626
724069059,1805864.7561462217
5255200220,419543.9715179219
1931300850,413504.5851980008
4427100105,407745.22433422424
2881700231,339761.0074457474
8641500280,271908.19841243495
5406500440,705239.0938052557
8078390150,729651.8789245974
8945300090,198568.7344861273
8819901030,804934.9029562128
3179100220,832139.9778347332
2126079046,376504.68023925665
2621750350,332125.5447849492
4014400190,465479.50395171106
7853420110,612445.3926358937
2114700368,308071.170906363
3438501081,268758.9347009076
6850700670,771552.0468706845
3352402272,257089.16536713135
4157600150,682703.7005169935
8151600941,316020.38346741506
5160300030,545541.4636717826
3820350120,328910.36794088763
7338000800,200458.0356106289
3359500110,767325.5650332178
8016300240,625773.6051415441
7203120050,852681.2087654172
3322049201,254254.7362188788
7231502505,232181.30951635505
8106100105,3214218.0005805343
3895100039,992314.5799515285
1001200035,226752.08871702384
2724201202,215277.98305255573
4038100110,525665.4672678333
8827900015,565874.4513403176
2644900109,379517.37413254497
302000375,230403.67050805409
1604600095,362265.7982795833
2600040160,692477.8517378969
2129700525,289231.6317720651
603000555,345712.42555395904
4083302225,931319.1483294899
7298000090,425105.63213264855
2484700015,503926.64387728606
8945100320,242816.09133502297
5112800042,448074.7845983047
8091411100,280086.5847908612
7375100070,461329.4483885623
7577700061,494835.20877818274
7923700030,458126.5538070302
4235400186,429534.6336568966
1498303700,769434.2839665741
3876312350,431793.37064583105
3797001815,408920.74821708485
868002015,1211192.3207850473
597000550,431984.83870926104
8956200530,449757.2798524847
2207100165,520241.27535592916
7942100180,214948.2782526465
2468800040,355087.9638773608
9842300036,349130.63491838746
5700003985,1692083.400061336
2988000070,395808.83714817313
8857320260,571913.5147689551
2600040130,518854.9889815653
6632900452,623410.3438356966
7518505910,472795.74081713683
1672000170,613515.6388103515
2597800010,486265.77685162885
8562790720,790001.5665064974
4219401080,1738430.2264923176
7000100711,727770.4119085146
7954000125,494975.39456143475
5700003640,1793003.400217881
5700000275,719703.946430505
4019301205,466528.27759832
8943600360,284650.0045861523
2954400400,1265410.3444667002
1321400060,246719.62817155532
2255500123,625725.0704194633
2781260070,417048.54132987786
1313000220,724635.0630409241
1125069153,1758306.7678933037
8899000310,254232.74942795478
4139450360,933709.6846779792
5511600315,511307.13996480376
3575302575,561779.2687904128
3226049054,427081.3515688729
274100090,334622.0147781565
1545802080,233744.8057405098
6669020500,301337.25402730005
3307700405,506484.98573132156
3760500407,1708063.5703618233
7853270100,725859.2121592583
9320350020,527643.5127226107
7715800430,488851.3900411101
6791400100,388363.57365928194
7708000010,414661.87562485074
1448800010,275654.5876596711
1782500035,340794.83614270366
3449500050,527286.7927016501
2856100515,750861.7139363455
1245000461,946366.4687960633
1219000043,363429.5402152325
5409800110,382063.89183941897
2680700010,731784.3755044686
8143100350,396344.70739508467
2597150270,279570.6337074271
2966800010,348990.52313627093
8854000010,674710.4478268677
2207200635,457746.49823450093
1722059222,324020.7755831454
9358002305,316940.48008613754
6392001950,453372.835545636
3630080070,394489.1147789936
3797001702,970444.52548382
8127700440,674442.6815321011
1446400785,212245.93429920037
5016002275,990634.8041366269
2818100060,1312823.2854053695
6431000748,366687.8324734501
7972600450,333100.6617552465
8078570380,313618.145405072
7889601320,199717.66353277228
1762600280,1286281.2700006391
3026059085,1643410.1712538016
3475000080,709604.0009587253
1370802620,568184.4986028386
5151600285,279474.6275617679
2722049218,334435.4169710759
7696300080,424337.4174699829
4168100020,237607.81734419477
1474000050,447331.3662891247
2473480350,332147.4996886175
1139600270,276341.41960215656
6699940120,371389.87668944115
7016100120,431403.7682115867
6752510010,839444.7179216462
7915100490,543683.6601430773
984210170,311295.4969430153
6159400030,427404.6226617218
3013300968,341072.7837325756
6404600006,241059.01947661786
2770602170,400749.89160704496
1922059401,202156.6942982268
291300010,371786.6074631575
3856905185,508625.9840274345
7304300905,287926.4836052755
3416600185,614574.8752688484
1786810040,748794.6459427181
4354700010,394797.7646713657
3902100175,807601.1866629607
4305600360,402750.9475729733
3622069114,629409.8079792974
4376700570,648136.2090027138
6795100589,625438.051400283
3344500085,471498.11836327007
2206500105,395888.6718485439
8731900880,355383.44236447284
1682000160,195350.50674521388
5104200380,259344.29298518202
1982201595,495643.4810009664
795002190,211318.5322303136
7228500375,523073.9102983075
9412200280,468891.00668765017
5071401000,729663.7351720905
597000566,338139.3565635019
8151600101,174429.04176337522
2028700265,426928.8605342232
1670400090,182823.64331433672
7851980100,1105303.869878672
5595900345,443395.0581699976
4046700300,341726.3342965235
4324210120,281005.9165124397
2616800050,589711.3090933913
1525079069,720805.1027767634
9828201020,504581.6197062453
2723069146,765353.3946358265
9468200100,498756.07726703095
2883200961,518016.1236357215
1137300690,722792.2421371596
2473100280,367952.8658202369
723049448,233093.26059768413
3066410810,725127.818448926
5700003280,800951.4529970991
9268200440,427593.52239623654
4053200410,277519.1441570468
1234000704,1227172.4476767324
2473372170,450525.3946685981
2523039239,252732.29879910054
4324500490,177851.9623710963
238000244,485015.2472375287
1105000571,401957.7336311572
1771000430,320784.6512123134
666000142,749744.0608826951
3389900800,428587.5548887237
3578700017,562004.7846718313
3629970190,790050.8029135269
255450250,331272.1679500836
1154100205,265413.66119849484
3629890190,1172982.2365508124
3905080870,504288.8197127747
8155820110,319668.4903825767
5135000170,677953.2245336632
2464400435,556952.2479221903
9482700080,487676.8101804694
318900080,443772.9351687057
9477001410,411191.70307244704
825079019,712291.0105966581
1471701200,449205.9305953452
5606000120,956964.5135277587
7853350220,587251.2864002441
1776460110,450591.28203251987
3904920980,712490.9729823642
8087800430,574683.7100513689
3298200320,446831.2154392857
9122500080,286156.5937116049
7893804845,323981.94188088446
1370803730,564912.5815491165
8001450170,280895.7440124681
5561400260,711989.2813276456
7308600010,769118.3943793775
3524039060,265921.07741616416
7300400150,371800.4023396236
207700050,568718.9745814872
5595900355,234863.59960621138
2652500285,792952.4593128677
6744701310,2101032.5101968674
525069127,1414385.8953733942
3334000050,429727.4669063562
8682220390,720080.9684378136
4038700380,577212.1242831424
8073000265,384242.89328411967
9521100960,759150.5547207785
5634500688,898755.8577342886
6813600440,401242.95446771674
1072010350,531700.5281624463
7853301700,683902.214588806
5141000571,277794.2078707655
2013802060,540008.1474020223
7852070210,1262759.0525154392
1402970070,328357.19237001956
2310040020,349160.5602929194
646910560,254117.2409335294
6647400090,436216.70025074657
8682231110,537421.3511540404
4376700330,628256.5006903055
8069000075,999141.8615534819
7147600220,219844.25221872225
4142450330,276902.3386058413
5101404698,404752.4868488485
6154500070,1003861.9858356068
1592000640,617696.3410812045
3756900027,653070.6553161865
7203220130,991424.7555049632
643300010,497356.09082236397
8651720150,516453.1557673204
4139400910,810750.101427335
5054800110,334663.42578118324
8835200330,422526.84906824457
7682200340,257950.3184792121
7203600745,445750.1869958941
1895000260,208119.6848023425
7922750020,630155.6036056705
5437200050,450795.78869396634
8732160250,252135.90479774695
1442870440,504375.5740275856
1471700410,379374.68107432005
3204800330,436937.6766047453
1923000160,1016293.1299813751
2719100013,347318.45196292683
3814900380,357186.9132895808
326049038,448136.40168076364
1068000110,829584.1801314419
8835800010,1148166.2676867999
1560920200,503526.9232607817
1668500090,757961.4117456488
2597530070,875811.6946406031
1139000035,614895.9892312321
8032700072,491833.71658798086
7732300390,725781.9314287243
5130000080,494897.0340002484
9276200890,427688.1110411896
342000036,419265.7276200786
5126300060,465338.52692557115
2331300505,720944.1571364282
8651410090,185272.7371597601
200800330,438772.6623540564
7520000616,347622.2235102564
7170200110,444941.6638377068
3021059155,219741.64278694548
3582900280,1034391.2179490145
7340600845,238685.675837315
3905040060,492951.8723854644
3224800120,316731.59105932456
6021503740,481653.010181051
2570300130,454715.05724687316
8121100395,434780.7471416114
3356404198,262821.7369220154
3630090050,769415.9109906708
923000413,441999.7407983856
9201300020,1629974.7750126498
1777600210,656758.0574110224
7738500731,3219905.6757581197
686900010,929263.8821334075
7967000160,348210.6342904056
3413700130,639923.8381422268
7852190290,549022.477996281
1180007375,654482.7223791786
3353404510,286579.27248673036
7802900380,321942.2198415427
8021700715,701533.714102859
3205100080,472368.02214188164
4477000290,489936.02331221866
1118001645,1324469.4764246403
7979900806,307136.64303675864
7228500415,750695.0751664225
7212660640,325906.68541460886
3826000735,200228.76188126823
7714000250,453023.8453719407
4400200057,711993.2897733394
2487200279,513394.4687129481
7140700690,253973.55868428608
3304300080,615366.1819090139
2887950110,256366.04976257132
3760500222,727596.5663026005
9269200786,345506.0912640589
3734900110,219959.31546392816
5045700400,540276.4856593619
2140950130,462138.4028426185
2612000200,388431.1961339093
8563300085,433946.77847372217
2425059173,710108.6712376928
8091410930,287651.28401194344
9422400035,580916.8918784894
1112000100,713781.775565857
1323089056,451062.6325848187
5015000596,1045756.8740796512
1535204165,575358.4055816474
1438000430,463907.4629848058
3222059130,540998.1844756736
1982200330,626037.9733843651
6624010010,238997.94877634238
2303900035,3060361.7892164844
259600620,545804.2955230632
6072500490,497452.7351434466
123039633,331224.496287869
8562780090,333973.1172596023
5249802240,602270.5365781545
6071200400,562829.5767003638
826069002,384851.3072956687
2625079030,814168.2098408139
6742700210,1302663.2988627532
9253900408,1713853.88914792
2560803085,232919.50519176634
1237500540,449568.0484745838
425069020,1191911.8763402528
9185700440,2697398.65773092
8656300345,351931.89417562983
4245400045,245286.74090135042
9834201370,370312.22317001683
7853300770,423366.8989151806
9551201295,504958.12722833396
898000220,233388.09577347446
3834000720,323344.98041953275
1245500690,754693.5551714295
4083304190,587195.515753514
4178300080,813016.2472498822
2960900045,567455.8501715042
1446801030,256169.93645204476
7855800910,760989.3485050793
7853310150,613497.5233261591
8732131090,276730.77775996726
7967600285,467098.0481027779
8651520510,567412.9065878944
5379802650,231533.72795494244
1425059174,441687.239838053
627300105,980121.0313097665
3124089049,500267.6489651082
1778350270,741780.6723929092
8691500410,370588.14752421307
9169600043,493196.96349941037
100300500,321405.54351668706
3221069054,735863.497638366
4443800385,556385.8488988782
7922710450,784119.1922780756
7880020030,757996.7589695692
3288020050,342129.9191387516
4136980090,809304.4903159828
1687000240,340893.7933508779
7812801785,226442.9639054093
1126059144,683471.97421029
792500260,372239.9178287519
3222049055,652719.594909297
8635750090,718685.0159536608
2767601280,774631.1639218015
5347200162,250900.68523158555
7503800210,280301.3312311073
3394100020,1161403.0612538534
7663700783,392941.7144661424
9454200030,417130.6702963082
3791500050,275520.3089689741
582000185,582015.2725975426
3211230260,442810.30013271986
323059103,369729.8795502408
7297700055,334201.05065265833
1545805460,260344.84459207955
2341800195,311400.24683308444
6648700150,279136.01511040126
3860900035,1730574.3386589102
1980200236,613441.3703995596
1180002745,331883.83461308334
3275890310,656262.7249956798
6840701100,511013.4410240517
8651402750,167600.51659104318
1588600045,392945.8192494204
2422029094,321840.43348599295
1702901500,372777.05187954294
3755100005,500813.2424582971
3624039074,285082.1407998455
7950302995,433177.6236119616
5273200060,608834.8082818454
8025700460,256489.24735812796
280610020,993962.1913803687
3333002450,346518.21971490316
7379600240,611140.0846117872
4058802300,325160.9693111434
302000065,176695.9127462514
9527000180,552338.4620892124
3626039403,343986.1730296411
9510900360,251690.90517438474
2310040230,369090.67858696805
7308900490,591778.7273837166
2206900065,371920.0363337855
324059161,1334779.7858713206
7345310100,227480.7786252896
2422049107,365562.48687169736
8146100095,580229.6226642382
87000283,344011.4934313939
7937600010,322297.1217456194
2618300350,252025.99866088232
224069102,520645.2780074239
7129302095,204469.6570805788
7352200025,1422861.5185155137
6163900333,342501.796904093
3528960020,722838.2316434383
1687000220,297149.0800328254
4141400030,647230.1762472747
1822500160,360641.6851940888
5467910190,341685.9673251953
9331800580,273151.38856745063
2407000405,205036.04829614912
5466700290,282776.2695566016
3026059361,453219.9230014146
1523069096,531928.313068389
3876312010,460014.40876613156
8832900135,772219.1342472228
9238900616,536070.2992791226
4142450040,277055.40413981985
9282800065,242749.78676168667
5379800862,348167.3904510801
2459950010,277271.35768976103
4435000520,202715.56070342523
1552800010,314209.10909985506
7549800543,287994.9679048828
9828200460,403442.36628899677
6345000160,1156675.302492446
7129304105,295539.6122333819
4302201005,323615.3603569603
2450500110,715274.5276994547
5166700050,463805.3610536142
1085623710,409304.11724434484
1123049129,247158.40252009418
8566100200,903688.944564638
1774000780,459569.6327965144
9492500170,1056597.9882314308
686530530,675706.0915400856
4022907770,537426.1561138154
6052400975,268172.5711332971
3438502501,453376.9643622747
3758900023,1185344.883200799
1645000580,248163.78667911125
8099200030,234708.90887228795
7635801371,494881.29604816856
3456000310,812887.8625681958
2025059150,736328.6482800078
2624039114,440622.8977276973
3348401095,280410.7385977005
6633900170,476715.4888556437
2600000510,651210.3480113862
9414700020,358173.766472484
3204800520,397634.56592878303
1844500025,337940.9068580609
4137010590,424022.0762832987
8564950280,540742.492878043
1338800491,946429.4264719824
4058801702,1092737.5922960837
461004720,500767.9104536039
3123059107,648232.5535019949
6819100380,483110.7310047429
1193000390,994890.1351035897
3450300270,357819.60093603533
3110800040,269565.44306198624
1437910090,537196.2965288176
3645500050,403982.6115922294
4338800600,257454.722587317
2114700530,343595.2272109926
6381500450,337561.1781681263
9206950200,306571.2827019843
4232900940,787883.6750099207
1025049174,1176445.0079411943
7774200070,638195.9134818107
1231000310,497527.07740441925
8155870200,320704.14269475266
7935000625,926789.5344870778
2426049079,317349.0852283789
4037500230,537934.7913712091
2331550120,334668.7226797319
7974200765,481920.6297248945
686200510,628473.7100844225
4024100670,442917.91377806826
3834500195,507771.71127965115
3526059115,579937.9418460346
7950304075,344657.2545848974
1386800054,351885.3530924875
9834200165,530227.474342314
6147650300,346908.6805883915
6891800360,546685.4520934079
9170500060,605412.4308989535
65000260,801768.9366855801
7784400130,569423.5322572141
7941140070,366238.14886625466
2122049096,195783.13128080385
6003000851,279933.57668498624
7203220050,987296.5796501304
8898700960,299354.0603084872
5245600105,204006.93302263969
3530470190,184461.51845454742
7883603965,288436.9969674213
4022902505,481547.4962366992
3211100240,349630.2704821312
5119010090,501541.0134763433
3821000100,245897.62720716832
7301300050,401964.46554920846
2171400197,389487.1397229442
9471201175,1614575.8955351773
2473450200,406340.4093113575
2258500045,404842.9817036003
1139000400,442361.4713351811
3298701025,249965.15876297557
1498302774,337064.7591339701
9276200190,541267.7166221627
2909300240,710376.57886504
1250200693,569223.514714337
3101500010,310926.0572652458
2557000630,271129.47822338494
1324300091,394078.1295212548
2826049260,453000.0421769331
3342100421,724944.9041995732
3524049083,413781.0628839866
9103000393,1299140.2976259086
3121059033,248570.1795389996
7853240200,604747.9052202512
7950700120,254958.97622537724
1822059057,197670.1466540771
1219000473,387541.63029426616
9272201385,659570.997370407
1336800185,1166215.9338954615
9268851630,444138.2349491643
2788400315,238205.61206408436
3529000930,541973.1001247921
5631500967,455694.7183332414
2188201010,239472.0553438727
8562970040,726977.3806920698
4415600030,339682.047718173
2473251170,279122.3806698756
7511200020,562870.0728192169
1163400020,240689.62634530186
5412400180,239200.97576141814
255450400,353053.10760151374
1687000210,338597.7753829496
6749700004,274981.0789967345
2738650030,551853.3304689924
9136100420,681139.4146783358
1924069115,947517.1218177608
714000155,627019.0548042299
904000045,683055.5114900598
3395070640,266752.13290718873
6308000010,622121.5286853339
2695600130,334770.8352578343
3626039279,398623.48763044353
1623089039,258357.54602311613
3438501327,325819.2789601139
8118600025,378992.6634921369
7625703435,813267.781110326
1807900300,598606.6526587063
1862900360,282571.80826709355
2768100186,484576.2833560149
2524059269,970268.576384687
1126059108,1018887.0199448381
7856610130,815490.804238469
7203000200,254179.51133171614
3630120700,829149.4297536208
1612500090,234423.16214414223
3586500620,782782.3818770627
5207200360,410810.73781742563
6675500035,398581.3473916302
1781500385,330087.19274772384
1150900080,857818.5942795579
9541600355,863345.8741661378
7525530670,838347.2820442087
844000375,367278.82055591483
9578140180,347801.00375337765
9558041130,333819.6232444488
1788800910,200539.8233894949
9550200225,493483.27591253206
8643200055,258176.96471138552
6143000020,280367.80738811387
8941100095,1092196.5360175837
3630010020,422641.9827887339
2895800610,351802.1410272466
822039084,880008.7892313042
5423600080,539513.0851990575
3992700775,399860.2605334182
3816700150,443332.6422393671
4083302485,684137.3253673976
5127000810,345546.6947297483
1725059182,1207654.5104515927
9485930120,393011.1755891435
293850040,629932.667992157
8731981940,342530.5267410462
3330501545,300735.1279346205
1026069061,769816.2799698666
8121200710,522425.85813571926
3764390100,455858.3297029199
9493200010,328165.2119987581
2902201301,549481.7430313067
3444120130,449337.50911270804
5256500025,452839.87339231273
4022902715,538067.3020381624
871001500,694228.1065347733
2329700440,180061.76186832733
1773100275,254972.8064973435
7852160070,1030212.1937398752
2141330560,617704.3599018909
2505500009,708042.685357413
8647800150,350801.55430058524
4337000200,228715.6240625398
9264901680,235484.3846856138
1773101050,317354.37009373336
9320990120,334828.33026581455
8856960280,314533.3574622757
5589300585,310404.33331626066
7935000595,984614.754131044
7203150080,687983.6775229364
5616000030,310078.10209066886
825059178,3351334.539240966
6666830390,729380.6060760164
8732900840,712571.3634727041
2095800520,518661.8629426976
1771000760,354638.8277269621
1901600090,344380.43736141257
8857600680,208370.97373623878
4038700830,628715.9328578006
8956200070,418098.60138737736
8081500050,1834647.8580676897
567000755,451648.849674667
424069264,757268.0970855183
1564000410,924631.7230097012
2817100910,324548.8181207546
3303960080,1001596.3286481774
3340401535,196796.66508574123
1622059095,279085.87353043683
3278601940,370232.9731147548
7202380120,438619.97143368685
745500010,787430.2683155474
6608500220,423012.7115464088
8024201055,338150.51787411806
8929000140,450159.3202492055
859000160,323594.424271235
8673400061,417354.36084348103
1269200229,1034575.0451077486
6705850300,788743.307304947
3395040550,407227.705612193
1697000370,200290.69776400243
5245600120,263746.37296445627
8892900180,229743.45181330905
1794500360,642150.6195143404
2025049192,468947.96468149545
1930301325,1048140.0240363386
4217402162,1238543.547132029
8126300410,538616.540876603
3345700215,650572.234686295
2887701420,384325.0558063358
2887701251,372194.6096950925
4036100175,692249.5222731926
6762700515,1174820.9330649865
3192000085,221389.7755605419
226059096,1292150.563509392
9238900855,422439.8041360015
6706200130,286421.88263017713
2744000010,278506.5844129309
7202271060,721902.5975139493
7923200150,570951.0696023365
162500030,314516.5748793132
2571910210,245450.23314181852
1523059105,342946.5622296268
6052401215,264351.1766099889
6626100260,806580.4458797361
8925100115,1229835.4705303856
5459500165,719284.0677324467
7686202635,203445.83705747488
1118001370,1156394.2324323503
122029066,461435.57887413976
8039900130,329142.09952597274
3262300235,1230551.1670927822
8860500300,330431.06930498884
8956000250,534506.9172787867
1646501920,460967.53094237583
9284801500,442212.6928228691
1442880380,453158.1242542743
1311500020,255007.6704628973
254000695,332640.23788670544
9477101280,438446.86471054866
9510970530,706929.3231806281
6891800500,561442.6298647946
9407000230,296925.6346005472
7202340590,766345.4508774343
8151600590,346690.2037074793
9407001600,284117.98081805086
1771000690,321384.5865801385
1525069134,1300760.046288649
8645540040,297434.82003756356
9414500200,464949.2769197855
7883607645,191406.12028108604
3845100140,351874.7580458008
2726049164,429455.589440351
4340610040,309060.5609926663
1245003006,1158741.038286833
1105000373,258571.60820374382
6083000123,185844.97705476405
1777600450,630714.2302425109
9558000100,440807.1224932796
2473002060,336685.0317382615
943100689,345136.27749562776
7544800395,429661.5124383212
1931300090,609551.9516215897
7936000252,459672.323528904
7987400316,240724.29514964123
5152700060,617591.0720069399
1721801025,223333.40163669494
3438501450,267028.1574877308
9222400510,410242.33634899184
1796700160,270444.01872359175
323059208,345931.0567351572
3392100050,192031.38036420845
4038500210,723457.8449839547
6324000090,305698.12685451086
7549802535,433401.2169185785
3343900326,513325.7331439067
5701700640,887258.2953552399
5249803185,533433.837734601
8838900032,878566.9537082906
1237500577,1056869.36739495
8642600090,320928.223149862
3303100075,447597.3926109983
2133020020,365184.1302778581
7950302890,434056.4653950071
2770601734,519444.48258369794
2538410140,365201.2394546214
8159600360,603743.7657561277
917000300,387195.6918385969
2391600330,335140.3105112278
9285800585,442937.5530397918
2005950050,244308.91827048035
6450301835,342899.17686504434
2473480520,336380.13069076126
2818600010,1199938.31641147
952006728,331346.8661682439
3422049088,276156.37074514735
3629870420,1080265.0698666272
1079350090,333315.0789982879
1509500060,394243.91234168125
4039000050,525776.1312781874
5288200230,699373.4464367827
626400020,829630.6153202335
5457300095,1724944.4393608621
5000500055,217468.4998831732
324000530,435916.6963735484
6713100031,434425.384913783
3316500200,551362.9443873091
3124059006,1228778.793752
1125079111,2164970.1585959997
7852020300,452659.47470043175
123039364,234918.1784002823
7883603190,267450.2458615749
9828700900,580654.5858667383
6821100015,676082.4715786634
9522100375,695773.6965643362
2420069201,259252.70575795154
7504110330,777442.8795660797
475000510,500321.3713377323
2425059074,918201.8873140825
7518503685,409893.6718553252
5466400550,228106.3321086581
7852150720,430174.91939143004
3066400140,667111.8572753811
3298400470,568097.4291445003
2902200874,670145.9045228272
9500900110,214163.48486561308
8835200160,329042.4120473741
6056100295,275636.1731711964
1858600042,361520.556685524
7224500010,286868.79555706837
5457801925,750050.2230535488
7575620750,263187.7373106344
2391600735,486503.59125686204
6192400180,850013.6210272855
5249803870,567277.5130356366
3575302880,416445.9986742769
7225000045,213059.72148214007
5561720180,252582.13374564098
1972200428,489020.84253312176
892000025,175285.49840321369
2944510080,274893.1120654117
2428100100,835310.1202832247
6647400250,457307.48208123737
121059038,389193.1932464021
6398000191,517867.85914600146
526059103,312751.3256468976
8856960720,316642.9476012171
3832500260,232591.1615685501
1623089025,490642.89080013474
3625710080,1175164.589507306
6446200060,760737.2126037608
5706200370,529060.8213095252
5515600088,216632.67429430856
8029500360,339666.1011498283
6700390150,254968.15730253962
642500080,415145.2945405209
6150700264,350184.9393390996
2473371780,374030.9865514496
3905120540,601300.6368188428
2652501215,693403.6766437811
3176100110,649819.511711512
7574910650,850678.8168655272
6385800030,288433.67940584105
4443800960,492401.18154983193
8731951490,280406.70141691546
3380900125,341412.890983756
9828701508,590359.7861649567
6699950310,371649.7166798933
3321049112,409830.77916825237
1824079052,1008303.30457852
8032700140,860032.7403129551
8679600150,528509.152195329
5040800120,968462.6055755306
2026059119,421908.8527266464
4024100951,464919.68189729
7212650990,325194.07870162884
936000060,373187.22907338094
6181500340,354976.0753891494
1137400050,441158.3004520486
3324079092,425607.1855692635
4268200055,279390.3326796837
6145602240,406179.2409197633
475000176,431241.3263033187
3279000120,233079.64600534012
9392200030,254735.4938935833
3438500714,359317.83647110197
4306500070,372572.91832598037
8588000610,181441.3585945629
792500190,344093.8442496269
2461900850,426854.02899534645
2660500365,339335.77919117885
5451210100,770038.2157165564
2787000040,289637.8762753847
3278602670,241943.16971230312
9528100899,649257.7843525105
1324079085,344556.6837670001
9477001140,410346.64713927126
9521100880,714864.4634643312
7853210060,432738.74866288423
1326069094,442380.8977726091
3420069065,398259.174031761
5468730280,265848.81275493157
5437600140,353709.323616962
5127000410,365875.8927976503
5445300050,500881.6111328916
3375300360,233532.73886497345
9297800165,578377.4505433375
6021500840,625323.4130827605
4323700230,460748.67697425396
643000110,231459.9757030624
8043700105,2241365.371728451
6824100014,418872.3250214334
9542830480,331880.5866219577
736100065,857384.5709156126
2592210510,849531.1453244151
4233600260,1170995.0143220914
1266200015,692000.7863859248
2787700060,364446.55498928623
8843900396,342745.33155908843
8029500380,258118.24809732847
5292200010,434066.32015382947
1773100980,323013.8101016607
2886200070,556192.1408226793
8594400110,365619.23336938606
9268850180,331587.52601738024
4141800285,1743027.6176161808
3188100007,400412.3706208979
1796380960,257283.63770747423
7202330030,435722.41296320787
8078440140,548436.4727769663
7983200060,195845.8859806355
4427100025,438312.706407788
2113700510,260264.16083902237
6446200305,649741.733655233
3425079088,616067.0096600851
3304040130,349679.1257165595
3222069153,279565.2419465014
5127000470,354852.38771872077
7525100520,447465.57956552587
1868902745,862949.7117485036
2920700220,329000.4484048112
1105000780,403263.5439615045
8563080020,933472.8632560982
3630090110,769530.4674523479
856000195,1885457.4398502337
8649401000,249480.63599130837
1315300095,734510.948908938
6802200670,247778.9662660691
1523069022,365374.14701765595
2624049165,459761.0152598042
1972202080,604067.1203591559
7211340030,233336.40425347947
8850000180,380682.7763502145
2787250080,526613.543057069
4235401055,466868.9944155188
5226500250,513416.05211275665
3294700421,341874.87555374467
322069180,771084.3551821964
1025059186,521224.7962783561
1923039022,565505.6054721827
1402600110,419787.5639649103
6817810190,414240.01599230216
434000030,625487.7358303611
6056110460,547413.7068388291
4337000285,243444.34712095326
5710610250,644297.341733038
1049010620,245480.485621807
5112800234,329474.78145645896
2309000060,611145.0435153987
2985800030,449855.5828868411
1604601570,343172.67473976105
1563102435,730194.7232891717
257000105,202693.50632558935
6788201440,749328.931211841
1442300005,427335.7113508838
4055700784,844638.6584252482
3889100029,829621.0320075216
4139450760,1032202.463387642
6079500230,694541.2388256162
259601010,402148.8941691241
3980300020,249138.10393820863
9390700100,495950.4063439254
7200001005,463099.5275820576
9264920250,265576.66457760544
8682260470,433207.525527885
4083303815,786774.4202234816
7383450250,348737.4875302198
253600180,409991.2555571032
1450000210,177666.04023952855
1133000100,424283.2166559055
7511000050,1148109.8489367021
5710600030,565423.7136067932
4178300310,767235.4203983155
3041700570,537753.6714610293
1238500978,402945.4583336589
431500155,672138.5363778876
2937300050,1031077.9393288794
1352300315,210668.9598362919
3277800823,349309.7200491379
8895800110,1160568.7523288643
9274200318,489249.7750012149
1118001805,1790288.2004986915
629810720,894285.9129580471
6852700476,529314.7347211266
7345200650,243017.26647631195
8929000290,420982.3430286645
5506500170,557204.2634566805
8899000140,242441.94129952785
4006000423,300867.48780402873
7137910140,234069.7912261731
2423020010,424877.4278395313
40000362,131982.4637543217
1657000070,233372.54935949325
2124700015,241926.3135457781
1887500045,270587.35472483933
6838000170,447347.48421909154
1310910290,315542.9150817587
3599600276,193926.75273097694
8142000080,348567.9519232149
8856971000,270523.0394764138
624100950,809348.5029738251
2767704332,472024.5996498318
405100165,383431.9628276932
6117501755,434546.2353079503
8961950410,333403.41210588306
1523550480,590921.711472591
6840701160,594145.8965204058
3331500650,300288.3914027462
1862400517,348040.35650186514
9558021000,366832.1285081495
1310800090,226493.24297447133
5104511040,348618.2075739682
522059189,232605.6784440578
3448720020,379418.8930685968
1310700330,275143.047619138
5649600462,312466.8616060776
1853000510,1105365.4681999318
8128700005,345317.6944144673
6352600210,913754.6125113285
3754500010,881933.6152720293
1962200475,896306.3900541044
1773100765,245555.1774845453
8895800200,1063237.9763313318
1310900260,336902.39990886283
809001525,932400.7355030996
2624049103,309803.27461748547
9191200380,590144.974715259
6600060120,451762.17620439245
8150100045,272433.2955811206
9558010190,363947.9081431586
4038700930,624957.2161137422
2883200775,544977.4178102757
4036800910,525805.2212428098
8673400177,527720.745264508
7110000068,714339.2708944619
3279000240,236766.7892456341
9545230280,553539.8309162185
8815400105,576455.7838490452
6738700075,863948.6457671456
8732030490,284751.41766332166
9532000070,542652.9787670783
7752400075,552916.4801860967
3824100051,375589.78984587255
2768000270,489091.87914314255
108000127,533378.729328161
844000225,276892.5966494872
6817850040,1086658.758174033
4447300137,819932.8286572861
8598900125,345715.59013481444
5072410070,474577.7721346786
7129300520,235576.0053856954
3830210020,199004.79736437806
4137040250,293431.9516470445
3022079080,720827.2043179901
722039087,250893.23255883768
3924500040,756614.8114749885
2473381090,358580.7624100278
2201500490,371745.1592233964
9265410090,226198.9049074745
9286750100,372551.6259697432
2023700040,693863.0367284778
324000280,529234.5753563243
3814800280,371583.4126929052
7697100030,446888.0739353609
8731900790,322993.2737171065
8044700010,565528.6137848943
6123600100,223899.16117422332
1450100390,194245.16891679278
579000550,387822.6575504155
2459000020,334189.7195078138
5016000315,438152.68206791935
1193000190,810643.5127815221
4038700730,608621.5027765043
1556200265,812738.645680686
6600410170,228360.8900094539
642800130,785580.6854157425
1043000100,374116.64381111995
7809200055,245953.69739043896
7010700308,1065414.0615635465
8680500090,539638.287096511
2719100355,658501.5875008903
7905200147,470700.3949117411
271200130,230111.8598281799
326049103,519308.6374895909
8682211030,432677.5608419225
1070000390,1198034.3040691577
8648700450,633020.1788537949
2695600410,447714.97786470834
8562710640,1021010.7027669385
1525200060,608190.5745029191
1822039138,734232.8564809231
2767601375,500026.35426105524
3425069117,1487129.1960008463
952004570,348432.43710993824
7625702616,284396.3944439134
9818700430,474429.3085128027
2822059091,280943.66426414286
1775900220,352332.63371545624
6371000079,658333.5786486547
293760150,1065868.5158935103
1336800880,1610019.946202772
2771600550,1128118.5757531805
3905040040,494048.9677830472
7787110060,440522.89653470763
7708250040,367340.2549155579
4022901316,512431.4489255583
191100235,952536.8648365339
7852050220,342003.516601562
3293700480,390218.2276618766
2597450620,1719160.5289325034
6169900580,1645934.3420388496
2767602855,748234.2911905656
810000080,885194.9855905449
6392000625,432496.90275599324
1865810290,167771.40565188183
1568100380,335364.0442153159
5249804760,371010.31671953737
1337801060,818642.7441895707
6181410950,252691.71173973705
9264900660,299616.8679916595
9122001231,561442.6298647946
4427100030,357345.2383104242
7334400070,283150.07079971355
425079001,622982.7000102302
7436500360,486072.70422843524
1245001295,651900.2531171222
1310500550,309827.3690660365
4047200950,202881.36106016493
9103000455,845968.9078282854
2291400341,298777.99889530434
3876100310,393690.82281797676
7131300031,249558.86052392155
7853380510,716501.8071409382
7409700215,637789.8192863698
5248800250,351008.2415637844
126039323,445116.37698533793
6632300207,349593.8374506152
3826501060,257420.10870762487
8024202520,382231.6009908881
3343901401,638454.0110373251
6431000005,516253.5445053847
9232900075,318974.30878002406
3056700150,233960.30132915627
5104511250,501228.5896516609
3658700510,677863.9587592155
2895110062,351864.29094451905
7454000990,244608.32523594287
4038700680,568025.7517678346
7811220070,578525.7424881478
8091670030,346618.2593575881
3438503045,247117.88021067434
6388900710,523124.03600909485
7956300020,178832.72244066212
1775930440,526295.0066623276
1762600190,1287033.8081640855
6600400260,228143.9475993309
8728550150,578639.1303544105
8155500110,616108.5295994096
9169600135,420404.15265268134
1777600490,741725.7821515946
125059179,618748.3518691576
7558700030,3091704.2967107077
1702900624,312232.1698975164
3343901403,567925.7679092906
5101400994,325783.98568612034
5547500050,281735.9889718216
1705400350,335990.52743060776
629810800,933129.7453613075
4104900150,626760.1255486041
7888000390,196760.70613369875
4140900270,343888.91946627665
6649900030,371726.2830439164
820000012,429131.45914575155
6151800080,318983.2224665145
7454001060,247312.7324303379
8682262330,430933.7563640871
1566100010,353875.47187501146
1180500070,409759.56672082184
1112630130,400955.9676200446
3101500090,367211.69385451253
8682310220,678771.375470681
4032500035,397668.8654786131
1623800440,460793.4855714663
1088400190,238077.27222713988
751000080,383242.5644466816
6675500070,389458.64144297485
2193340140,542217.0199583669
522049074,396890.4695050873
3204500340,249634.4064559055
5104200470,478923.7022400406
7517500611,723114.3506408
2946002140,261126.74175021928
7631800110,1043452.053515616
3529300330,347176.72155783296
3885801970,470608.2498806236
5456000570,1200936.9116828945
4123810090,350051.2590938067
4037000635,560212.2155654738
8079030350,460299.65264521056
1726069060,732635.5529105898
6858700225,233579.89492723314
3356406510,239183.97107608576
5423030040,636543.5324981837
3111300040,434575.2595500709
259800060,480963.9632806267
1972202320,443351.9762013511
5100403818,347795.0541160206
1422700040,182897.10078785123
3625049014,2523113.478524358
7852011040,604337.433436521
1201500010,734870.5194612304
7195800009,321195.7820736876
9407001320,267764.13883749815
9508850100,705894.648308634
1328340380,277763.4377869931
3885804305,882339.6408295793
7128300630,695288.7649074205
7574000080,423254.00629575347
3744000150,460625.40138790605
2607720150,539797.443704479
7203190110,699167.2670550736
3904902430,703066.4054583742
11501160,844056.9007137673
9209900315,479818.9966603736
9465910030,583332.4003021896
3622069103,719515.6773295447
3288301010,484105.16500099225
4395600060,807597.5880376758
7694200380,346893.2387926107
9552700550,665532.3349442664
9264921110,279383.35608341935
6738700225,927915.8051783744
293620220,847172.6473527697
7525300310,628716.8030083498
3992700036,384884.69770450005
3577300040,446497.8296633757
3812400202,184165.10668277348
2402100055,685829.1078215893
1853080790,860729.8527992353
1994200260,704532.8814179419
1339300025,786715.2592492703
7616200050,497985.5657510685
4022902555,641650.5696591985
9528102110,678901.001626589
6613001241,1768904.3115955498
3205400240,353667.4883089337
6065300840,1695139.0622569178
7852040080,505750.43781485246
1920079039,294851.5844359566
2817910030,450564.33186925604
1563102880,683704.7826814932
8561200110,536823.7956676843
629000605,1185937.9967529648
2781270440,232608.9825679658
6152900273,321103.9039040255
3303950130,392361.88446262147
6411600113,334923.75556197483
4055700167,833186.9397075705
291310310,581738.3482592608
9523100550,865902.4297718683
724069070,903635.8611313452
2408800120,416520.5581789895
7559600200,636024.2439552698
8165500790,375288.07255000866
7856620870,819321.8352185194
1588600040,346595.15948641236
1023059246,484664.62231702416
1938000140,805102.5561929713
6061400160,376405.83437420847
4167300350,247250.85272759132
8649400790,243695.70027100432
173000036,340319.2126216958
225039049,513917.6722290299
8043700300,2195462.9429789493
3834000400,379927.8247744625
4054530260,1721060.8773090225
8724300010,720322.5360570949
9358002232,370634.4141509539
3298700012,269476.52213598444
1125059071,887601.2432899153
3885805300,454331.40968787373
5315100784,1115978.9377059021
3861400030,819668.4127245684
7202340010,692731.7240136948
7272001805,322177.4039289787
2781250230,321467.2913239561
1042700300,879427.0608275007
123039279,175894.05415101565
3760500336,1581909.0598657078
6979940100,824229.2204483228
686300880,675915.6829742759
5214500690,422807.17683774605
6021502250,609311.2181760273
1320069223,338574.5504805524
2871000300,822841.583165619
2724069117,468675.36543081584
1159400220,818474.255697311
2571900380,266216.73522649426
5528600050,349985.48922751576
7686202730,141377.12440813324
2225059118,920427.9888666768
2558630350,447457.12940346077
3655400060,448118.272761576
9558200080,296387.22550422803
1796100015,566159.533732862
3378900020,453309.6951472909
5416500040,298817.5156967393
8856004582,200297.97094758018
3812400107,422762.7653281831
6126601445,515059.99974349723
2997800021,445430.3559823879
1211000280,338408.1414696668
766800090,242219.30477561516
3224079005,267261.58949345624
619000100,366932.88101625786
4319200620,330232.7298462411
626059335,511331.48952972534
3340401570,278505.2992092592
7015200800,662896.1987801908
8106300510,527940.9140484855
1446110020,468914.7178701648
2872900280,651362.9523848707
8965500320,766737.8160655012
7853300070,525389.448189641
5652601455,710211.1981678304
7579200915,967795.9876498082
2641400160,378876.03872824967
203900460,411864.8277290559
2998800040,533173.0960167261
7519000170,497351.9390214534
923000425,771962.9995095603
2973800030,212915.97157890812
6430500182,999980.6106108457
7304301010,363670.1954349225
3861470110,1784889.445658443
2296500136,836575.0508401218
6790950150,755975.6314105297
8123100045,497597.54562386696
3142600130,552540.3415249962
7137970130,338262.7767786126
8656800190,385392.9072725839
7135300046,261897.40694918885
3629960680,434789.98546378675
1133000385,751100.8364346699
1085621960,283286.6763449594
9542802000,201426.0239223008
8151600973,541562.9490064151
7019000050,370727.51721773937
6021501920,584340.0397981842
7399300420,243649.34368682155
7548300731,566197.2448818566
5316100220,942756.9701261746
5152600090,308643.9970951661
1703400470,351446.67691059335
7316400070,292331.046860397
5561300380,515949.2268400751
2215450100,335816.90549190773
8635750330,675804.8522793795
9492500140,919727.108069989
5315100393,680881.2076622472
8588000315,233721.4448215664
7524200180,250530.2045859959
4235400255,384296.2657133464
326069131,748573.5651393146
4077800026,904684.7146720707
9477000120,357235.65868786006
5608000590,1079800.2977066904
4137050130,283769.6605474616
5249801440,432553.0146080812
9264901510,252068.09722973112
5437820250,211518.77227491842
200500410,451282.4666999586
9407111100,282143.68552984
126039252,391200.8756985298
6141100255,424536.1882841472
3013300830,316877.1269030298
3271300955,834992.7928938838
3021059276,250953.9827625568
9542000050,751795.0678392455
2769600035,816739.3210919903
3824100364,451972.36605584173
1726069202,359325.5750532306
7327500270,343342.5578673798
1189000207,430773.28778548987
2472950160,274341.78268452187
9558040050,576560.3299880301
3438503120,336043.8099617938
9407150240,267909.91664793476
1370804295,690415.0237302346
5700001100,586441.5794526018
6837820030,422877.25179787213
5411600210,849622.2619440646
5061300030,239924.61076862528
525069133,1059347.7439745401
2121000250,350107.4972370537
3179100720,569644.0421240631
2780700050,450065.7587268639
1545805820,252685.14084055636
5702380630,242794.15723336363
9211010260,552419.0954868174
7129300595,252204.2001278758
6802200100,241078.15394817048
3304030140,430752.95152054785
2623039019,966275.116052446
104500730,215766.88822467506
2924069132,632862.8214083603
1775500310,648960.2472664389
8114000040,339419.1036181436
2011400021,440280.4344435789
7525570020,705174.7462368885
2917200615,409290.8756160254
7697000170,290205.964239249
7871500070,790314.8537470436
7215722010,478990.89631839376
6300000378,452958.97501664987
7159200005,2822383.164498903
8946410040,394984.9197453039
3893100327,366382.77934787876
635000009,1013931.0203805293
2322069116,451659.90258046985
2760200050,340790.14788587735
3432500210,286710.19409693417
5700000245,516043.7574970971
7588700177,312426.7006150781
9178600135,650910.3030268423
9830200475,497192.0412593986
8562780160,332994.3856163079
9826701665,568588.3223809062
7504010900,746332.5361231695
2770606915,468100.0609932539
1254200075,554738.8761615418
2473450430,415448.00867164595
1433290010,437433.1955833406
7586200061,370997.9475527373
6841700070,507685.2495930432
9826701320,438445.4711265001
8943600720,275869.8208410105
6791900260,850494.3109913155
2301400640,696592.1461114752
7979900210,339680.54147968517
4037200665,423378.39792545594
984000650,283152.74077611096
2937300060,984605.963944052
8731982190,253025.6677599124
1445200190,256845.91643549746
952003285,730747.9443617888
1402970020,431495.6710337706
2487700274,401480.3713194296
8113101670,403160.95345880487
8682300400,644948.3127034055
809002435,759212.0124924739
4045900147,641984.2362333585
2991000400,279378.81610823993
9456200405,204193.30805104127
5104510370,284462.5384875863
9414610240,500300.42392579984
2111010760,370337.9897709276
1854900430,710374.2170028224
2624300080,960769.5341980049
3645100280,498077.6660483897
1433100010,251317.27406510388
9533600100,1154263.5344945977
6743700030,461151.417989915
9294300070,660271.9147781988
2114700540,263346.34398939123
7853280550,784039.8923926475
868000175,638925.3820060682
1446401290,234468.61272841023
9109000050,324590.3856575949
8856004327,263212.4990680128
2329800110,262091.37898956836
3031200230,388005.76708197285
7582700075,1718102.3080235047
2422049104,131010.87156721258
9274202885,508369.7177750403
1770000090,422887.3051824268
9500900430,236175.82958951977
7305900082,342699.4514644194
3336000170,339311.1699771934
5680000455,725793.9492300098
9808630210,931459.9983118395
8807810110,462263.5148446381
3824100211,451425.3006568422
3423059153,543459.9476356185
3937900120,435896.08677211695
524059323,959136.7188546743
4305600250,539736.9514517849
1257201375,535045.7215337357
853600150,1363059.9589107265
2424059174,1765518.3071563365
5205000400,301284.78629515483
2658000115,210833.7123459592
3055800020,280274.5293522406
357000025,614777.6472402111
5666300010,316172.33967944165
4167700210,245402.8067197619
9187200275,683676.614428096
2960900040,414276.6414115382
1021049022,247173.04002514743
7750500120,224454.94089261963
7153200160,1564715.2013779893
4406000390,234288.53793690863
629800380,1282069.0435243465
2026049125,264675.2211468058
6117502230,1716518.5660466363
3379100130,492004.89444617653
2472920140,447553.7899013521
7214720075,632133.4165436401
1771110070,336987.0723718851
5127001600,333696.0676634018
6666860210,338356.9010646092
5467200055,347565.5305775515
7819000040,346828.95095802424
3790700070,298296.41163219314
6362900138,344307.8775560907
597000593,351008.7108595929
8032700070,658849.391758073
9301300215,1134622.2042404297
8902500118,368694.70074584486
6607000095,348268.4554639888
2163900081,798912.7283761628
7732500270,735068.480722779
3856903515,612739.6347514443
2557000400,270404.6097595713
4386700135,1709862.010785702
7399000360,336725.7349548961
